reviewId,score,text,prepro,stem
147def9f-8981-48fc-9443-ed1dac3dc31f,5,The experience is good but it would be better if you do it both offline and online.👍,The experience is good but it would be better if you do it both offline and online ,experi good would better offlin onlin
cb5f95ab-72c8-40a0-9c2c-a5c42d9bf849,5,it is best game for playing. it has alot of challenges and win many good gifts 🎁 so I suggest this app is very nice for playing 🥰🥰🥰🥰🥰🥰🥰🎁🎁🎁🎁🎁🎁🎁🎁🎁🍭🍭🍭🍭🍭🍭🍭🍭🍭🍬🍬🍬🍬🍬🍬🍬,it is best game for playing it has alot of challenges and win many good gifts  so I suggest this app is very nice for playing ,best game play alot challeng win mani good gift suggest app nice play
89846120-bd9f-4d3b-a280-adc90c462474,3,"ads keep taking you out of app, losing your progress",ads keep taking you out of app losing your progress,ad keep take app lose progress
bb03bf32-38ce-4ad7-b48c-85bd2b979700,4,Recent update there is no any life saving ads in this game 😔😔 Why???,Recent update there is no any life saving ads in this game  Why,recent updat life save ad game
e0f6c9c5-7a30-43ec-9d91-f4162e9132f4,5,"Brilliant game, love this, so addictive, won't ever stop playing :)...",Brilliant game love this so addictive won t ever stop playing,brilliant game love addict ever stop play
2198d653-590a-48a8-af50-3aa7248f3808,5,love this game ! fun and relaxing . N,love this game fun and relaxing N,love game fun relax n
7d4f0e07-62fc-4c4c-bb95-2d5bc44ddcbf,5,"Candy Crush has always been a game in my family, it's like it's been passed down from generation to generation 😂😂 & now it's my turn to play it. I love this game & also enjoy playing it with my mother. I really hope my child will be able to also enjoy it the way I do. I give it a 5 star 🌟🌟🌟🌟🌟",Candy Crush has always been a game in my family it s like it s been passed down from generation to generation  now it s my turn to play it I love this game also enjoy playing it with my mother I really hope my child will be able to also enjoy it the way I do I give it a 5 star ,candi crush alway game famili like pass gener gener turn play love game also enjoy play mother realli hope child abl also enjoy way give 5 star
5f51e253-195f-4da1-a9fa-3fe2c4bc2c2e,5,the game is fairly and fantastic 👏,the game is fairly and fantastic ,game fairli fantast
9615d6bd-c56c-4171-b52d-9a3722288c83,5,best game for people who doesn't have much free time it is a very calm game this game can run on every device very smooth,best game for people who doesn t have much free time it is a very calm game this game can run on every device very smooth,best game peopl much free time calm game game run everi devic smooth
54eece9a-2e55-4c5b-8a8e-48e77f2f163f,5,I just love this game,I just love this game,love game
fddd9549-7e9f-425f-bcd4-3435520ca180,1,"why do you need email acc ,its a childs game you morons,thieving money from children",why do you need email acc its a childs game you morons thieving money from children,need email acc child game moron thiev money children
638aed9b-9574-4103-8cdd-0aac7d651b28,5,Super Fun and very very Relaxing to play. Come join in the Fun,Super Fun and very very Relaxing to play Come join in the Fun,super fun relax play come join fun
436b251a-b61d-4801-8eb4-d0f89ce39431,1,"The game is a HUGE scam to get your money. The Legendary levels are completely unbeatable. Worse, your pins aren't permanently saved. They are deleted once you complete a collection. And I had a hard time trying to email the game makers. My advice: If you have OneDrive, IMMEDIATELY share the pins on it. Do not get this game. It will be an exercise in futility.",The game is a HUGE scam to get your money The Legendary levels are completely unbeatable Worse your pins aren t permanently saved They are deleted once you complete a collection And I had a hard time trying to email the game makers My advice If you have OneDrive IMMEDIATELY share the pins on it Do not get this game It will be an exercise in futility,game huge scam get money legendari level complet unbeat wors pin perman save delet complet collect hard time tri email game maker advic onedr immedi share pin get game exercis futil
6539552e-73af-4501-99fb-7cf3075af5f6,1,someone level are illegal so bad 😞,someone level are illegal so bad ,someon level illeg bad
9a4408f2-c8cd-4b77-8436-a48b7702180d,5,Its enjoyable for lazy times,Its enjoyable for lazy times,enjoy lazi time
a970732f-cd0f-482e-8c66-f9146fb9e1e6,4,good i like this game very interesting and good for timw pass,good i like this game very interesting and good for timw pass,good like game interest good timw pass
dc267db3-bb19-44d5-b060-0d41eda7c6e0,5,nice and very entertainment ❤️,nice and very entertainment ,nice entertain
0c4017dc-dbe2-4e1a-a81b-c7721d16cb78,5,love it what a great way to calm my mind,love it what a great way to calm my mind,love great way calm mind
e68c54c1-d5f8-4125-96cf-58452ac47313,3,"The game stuck at level 680. Before giving up, the choices for extra moves is nit working",The game stuck at level 680 Before giving up the choices for extra moves is nit working,game stuck level 680 give choic extra move nit work
dbe20b6a-64d6-4d99-8409-68bda83aea2a,5,"Awesome.""I have been playing Candy Crush for the last eleven years. I never get bored with this game; it is so close to my heart.""",Awesome I have been playing Candy Crush for the last eleven years I never get bored with this game it is so close to my heart,awesom play candi crush last eleven year never get bore game close heart
cd55befc-05e5-48e0-a0d1-c41f28c6fc23,3,"What's happening with the rewards from ads? I'm watching the ads as normal to get my rewards, but at the end of the ad, it just goes back with no reward. It's happening pre level, getting extra moves at the end of the level and in the sweet cinema. Sort it out please!",What s happening with the rewards from ads I m watching the ads as normal to get my rewards but at the end of the ad it just goes back with no reward It s happening pre level getting extra moves at the end of the level and in the sweet cinema Sort it out please,happen reward ad watch ad normal get reward end ad goe back reward happen pre level get extra move end level sweet cinema sort pleas
0b6323ab-fc47-48f4-b2c7-ecd131dc475d,5,bast game of all time,bast game of all time,bast game time
b6237641-33c8-4cab-8abe-16407f0d5d1d,4,this game is so fun to play as it is also an offline game (i think so),this game is so fun to play as it is also an offline game i think so,game fun play also offlin game think
f9865bae-1642-4ce2-8d39-7d2802f4ebd2,5,very addictive game I play when get free time.👌👍🏻✌👏👏👏🙋🙋🙏🏻👊✍️,very addictive game I play when get free time ,addict game play get free time
c4d617a6-bd6f-4c3f-a785-db8b5566f5a7,1,tired of ur ads. go away,tired of ur ads go away,tire ur ad go away
15bbc374-ee50-4b8b-ad03-e52ed4cbc531,5,always fun to play candy crush saga,always fun to play candy crush saga,alway fun play candi crush saga
2aeb7bc7-7ee5-4878-a797-0130848985b2,5,strategic and fun. worth a play in this dismal mobile space.,strategic and fun worth a play in this dismal mobile space,strateg fun worth play dismal mobil space
0e3456d8-0099-451e-9cb9-f860f4d81270,1,stop with the frozen ads that won't play out and I have to keep restarting the game,stop with the frozen ads that won t play out and I have to keep restarting the game,stop frozen ad play keep restart game
a5d8e4a4-fcb1-41df-a4aa-b31ec6623ac9,5,I love this game I have been playing it for years. It relaxing I wish we could post our process on Facebook.,I love this game I have been playing it for years It relaxing I wish we could post our process on Facebook,love game play year relax wish could post process facebook
45647e89-a60b-4925-a0c0-f340c514b852,1,If the user has downloaded the game that means it should be played by the user if you keep showing and distracting unusual moves how should the user play ..fix this and send me a mail then I will download it again now I will uninstall it,If the user has downloaded the game that means it should be played by the user if you keep showing and distracting unusual moves how should the user play fix this and send me a mail then I will download it again now I will uninstall it,user download game mean play user keep show distract unusu move user play fix send mail download uninstal
bf146c19-8b4b-4596-a342-dbef54f9a60e,4,can you give us more moves to play in harder levels like 36 moves please 🤬,can you give us more moves to play in harder levels like 36 moves please ,give us move play harder level like 36 move pleas
f3a6ba94-18ac-40a6-acb1-3e7b6ec30b86,5,I am very good player but your not pay for me money.,I am very good player but your not pay for me money,good player pay money
1fb6e9e4-49fa-4146-9330-2a3467e84345,1,"very useless game, it's like when you win gold bars on episode races it hurts them, they will try by all means you lose all gold bars by making the game tough and 10 gold bars you only get 5 moves, yet you know how hard it is to just have 10 gold bars....",very useless game it s like when you win gold bars on episode races it hurts them they will try by all means you lose all gold bars by making the game tough and 10 gold bars you only get 5 moves yet you know how hard it is to just have 10 gold bars,useless game like win gold bar episod race hurt tri mean lose gold bar make game tough 10 gold bar get 5 move yet know hard 10 gold bar
a5d02fb3-df0e-40a4-a511-5d86490559bd,5,not bad game.. quite addictive,not bad game quite addictive,bad game quit addict
17c7a1ad-1253-4117-8b35-1a9172579e47,5,Good to relax and space out,Good to relax and space out,good relax space
e084c2b9-e60a-469d-b7db-f21039e6a8c8,1,sering beli gold bar tp pas purchase tiba2 connection lost. padahal udah terbayar tp gold bars tidak ada.,sering beli gold bar tp pas purchase tiba2 connection lost padahal udah terbayar tp gold bars tidak ada,sere beli gold bar tp pa purchas tiba2 connect lost padah udah terbayar tp gold bar tidak ada
5770b8c8-dc95-45de-b447-50ec9d7b353e,4,this game is very enjoying,this game is very enjoying,game enjoy
177443cb-07fd-466e-af33-c8569c3b9ef8,5,helps alot with calming thoughts,helps alot with calming thoughts,help alot calm thought
1ebee6f7-840c-4f8b-b1ff-6d44bf7a6c0f,2,This is the worst game ever Boring 😴💤,This is the worst game ever Boring ,worst game ever bore
0b1776a5-8b30-472c-bfa5-7c51ed4efbf9,5,I like this game because no ads❤️ .in the starting it was easy to play while going it was hard. My one of the favourite game is candy crush saga ❤️💕.,I like this game because no ads in the starting it was easy to play while going it was hard My one of the favourite game is candy crush saga ,like game ad start easi play go hard one favourit game candi crush saga
a106adc4-328c-4619-a652-cbf28c86f4ab,5,Perpetual awesome experience can't stop playing,Perpetual awesome experience can t stop playing,perpetu awesom experi stop play
d47184ce-016e-4431-b0b4-5d33f19d4c85,4,"Enjoying it, but it's challenging..",Enjoying it but it s challenging,enjoy challeng
c3326ead-8508-41a7-84db-b381e5a09a0a,5,can't get enough of this game,can t get enough of this game,get enough game
e1ca5ad4-e0e4-44ee-b1f5-36a5afa65488,5,release my mention and always want to play more and more,release my mention and always want to play more and more,releas mention alway want play
11ca0ae7-d2ca-444f-91c9-67eac0bc8491,5,The game is harder than you know but the game is fun and crazy! try it you will love it,The game is harder than you know but the game is fun and crazy try it you will love it,game harder know game fun crazi tri love
594402f0-1896-43d8-8def-1d87bd178254,5,it's a lot of fun,it s a lot of fun,lot fun
46c1288a-4e1f-42b3-bccd-682809a96eaa,3,I love it but it's becoming harder for me because😫😫 it's hard level after another it makes me no longer enjoy the game,I love it but it s becoming harder for me because it s hard level after another it makes me no longer enjoy the game,love becom harder hard level anoth make longer enjoy game
510d868e-92f4-48a5-974c-97682400b825,5,"Playing almost after a decade or so, but still as fun as it used to be🫰",Playing almost after a decade or so but still as fun as it used to be,play almost decad still fun use
52b8da8d-143a-4c7f-b5f9-0eeb6db8cb8a,4,bohat e achi game hai. install and have fun 😊,bohat e achi game hai install and have fun ,bohat e achi game hai instal fun
19abe855-4ffc-4ecf-99c0-d2370d952ec3,2,Used to love it. Played waking up and breaks at work sometimes. After last patch it's just a money grab. full boosters 20 min party popper and still lose levels. you got my last 8 dollars you greedy devs. uninstalled after like 10 years of playing. eat a satchel of Richard's.,Used to love it Played waking up and breaks at work sometimes After last patch it s just a money grab full boosters 20 min party popper and still lose levels you got my last 8 dollars you greedy devs uninstalled after like 10 years of playing eat a satchel of Richard s,use love play wake break work sometim last patch money grab full booster 20 min parti popper still lose level got last 8 dollar greedi dev uninstal like 10 year play eat satchel richard
6a833303-4744-4666-b64f-a36c188eacd6,5,its the Best game tbh,its the Best game tbh,best game tbh
6288f6e6-79eb-475f-9021-188c1acc518d,4,some levels are for sure biased against the player to lose the streak and spend money on extra moves,some levels are for sure biased against the player to lose the streak and spend money on extra moves,level sure bias player lose streak spend money extra move
4ac44576-ee3f-4ea4-acb7-1b38db39fbf5,5,I'm having so much fun love it,I m having so much fun love it,much fun love
2c5f35d6-285f-4b8f-8109-7c81969cc825,5,"I enjoy playing the game, it's relaxing.is it possible for to get my old game back",I enjoy playing the game it s relaxing is it possible for to get my old game back,enjoy play game relax possibl get old game back
efcf7525-7672-43fa-86c1-907efce0541c,5,best game in the world,best game in the world,best game world
1716b7f6-29fa-497f-a4e7-ff21538b5706,5,Khali samay mai ye candi caras game bahut achchha hai aur man bhi lagta hai,Khali samay mai ye candi caras game bahut achchha hai aur man bhi lagta hai,khali samay mai ye candi cara game bahut achchha hai aur man bhi lagta hai
bbd0b8a1-3c21-4922-8e52-feec88aa64cc,1,"Like others have said the game used to be fun. Levels have went from challenging to ridiculous. The final straw came for me just now. I have been playing level 8363 and after failing quite a few times, the game prompted me to purchase more moves. I didn't have enough gold bars but since I had finally gotten the game almost won and was offered 83 moves, I went for it. Turns out the game couldn't be won. There are generators that create the things needed to complete the game and they were gone.",Like others have said the game used to be fun Levels have went from challenging to ridiculous The final straw came for me just now I have been playing level 8363 and after failing quite a few times the game prompted me to purchase more moves I didn t have enough gold bars but since I had finally gotten the game almost won and was offered 83 moves I went for it Turns out the game couldn t be won There are generators that create the things needed to complete the game and they were gone,like other said game use fun level went challeng ridicul final straw came play level 8363 fail quit time game prompt purchas move enough gold bar sinc final gotten game almost offer 83 move went turn game gener creat thing need complet game gone
9c5baef5-d789-4216-aa90-0ee244e09610,3,very good game make me feel fun 😊,very good game make me feel fun ,good game make feel fun
64693d79-d9f0-45a7-be3d-fb1dc5070a18,5,Love this game. I have it on 4 devices.,Love this game I have it on 4 devices,love game 4 devic
075f9c33-69de-4e6d-9092-3853bb42a39b,5,"excellent game & new addition card game callect, spoon puzzle I think best game for everyone",excellent game new addition card game callect spoon puzzle I think best game for everyone,excel game new addit card game callect spoon puzzl think best game everyon
96b98a72-d45e-4023-a927-116d3bbe0571,3,I am going to give you 3 star because you don't have the coupons anymore on here and I think that's bull cape and when I started playing this game a long time ago it was not like that but I like the game I just wish you would put the coupons back on here it would be a lot better and then you could get stuff,I am going to give you 3 star because you don t have the coupons anymore on here and I think that s bull cape and when I started playing this game a long time ago it was not like that but I like the game I just wish you would put the coupons back on here it would be a lot better and then you could get stuff,go give 3 star coupon anymor think bull cape start play game long time ago like like game wish would put coupon back would lot better could get stuff
e1654c6c-3ef1-41fd-a012-cf4cdc472bec,5,great love it so much,great love it so much,great love much
36729402-008e-41f0-9e6e-cf3859b7e0f1,5,great fun and addictive but I'm angry it's having some problems after the latest update. it keeps saying I need an internet connection and I have internet connection. it's not fun without internet connection please fix it,great fun and addictive but I m angry it s having some problems after the latest update it keeps saying I need an internet connection and I have internet connection it s not fun without internet connection please fix it,great fun addict angri problem latest updat keep say need internet connect internet connect fun without internet connect pleas fix
1c77dc31-f334-4afb-9ff2-cb6641be74c7,4,Very interesting and keep me busy,Very interesting and keep me busy,interest keep busi
f790a6f2-1358-467a-a93a-289f3e649898,5,it's like satisfying crushing candy,it s like satisfying crushing candy,like satisfi crush candi
a5cb04ed-c49a-4209-8aec-8e6eda1e59a1,5,the best game for me 😀,the best game for me ,best game
9af34bc3-878d-498b-b5d5-e630626ab174,5,what a great game when waiting for something,what a great game when waiting for something,great game wait someth
2d20ec9b-5afd-4b5d-9492-6c177f8e9f05,1,"This game was good when it was free. Now the harder levels seem designed mainly to make players spend money. The “Race” feature pushes us to win quickly. At first the game gives easy wins and coins, but later the levels become harder. To win races we use all our coins. In the next race, when coins are gone, we end up buying them. Slowly it becomes a habit. I also did this before, but now I understand how it works.",This game was good when it was free Now the harder levels seem designed mainly to make players spend money The “Race” feature pushes us to win quickly At first the game gives easy wins and coins but later the levels become harder To win races we use all our coins In the next race when coins are gone we end up buying them Slowly it becomes a habit I also did this before but now I understand how it works,game good free harder level seem design mainli make player spend money “race” featur push us win quickli first game give easi win coin later level becom harder win race use coin next race coin gone end buy slowli becom habit also understand work
5972f2c0-cc10-404f-a9e1-851dc32fab68,5,I'll give it a 10/5,I ll give it a 10 5,give 10 5
34c3df31-e27a-47f3-b2a7-f251746e7849,5,it's a lot of fun,it s a lot of fun,lot fun
fcdf774b-7bfe-40fd-ad9e-cc4e4e69ed90,5,I love playing candy crush and love the live events even more ( the chance to go live) wish other games did the same thing,I love playing candy crush and love the live events even more the chance to go live wish other games did the same thing,love play candi crush love live event even chanc go live wish game thing
5090ad34-fc9f-4e42-83b3-d225494fd31d,2,my msg box wont open why,my msg box wont open why,msg box wont open
8ed641c4-39bd-4d19-b3e4-6197e2a8c457,5,this is super game I like this and I like free fire,this is super game I like this and I like free fire,super game like like free fire
c4d0661a-7529-4200-af4b-977411d3a7e0,3,I'm hung on 129. cannot figure out how to play,I m hung on 129 cannot figure out how to play,hung 129 cannot figur play
5926def6-ae50-4857-b4bd-1de32d429f9a,5,It's the best Candy Crush day ever when I open to play almost every day.,It s the best Candy Crush day ever when I open to play almost every day,best candi crush day ever open play almost everi day
a2aeb271-1a2e-4ffa-b404-a9108282f794,2,The boosters are having issues with not loading a commercial but just black screen. I even tried giving it more than enough time but then it crashes so you lose everything. This is getting annoying to the point I am about to uninstall the app!,The boosters are having issues with not loading a commercial but just black screen I even tried giving it more than enough time but then it crashes so you lose everything This is getting annoying to the point I am about to uninstall the app,booster issu load commerci black screen even tri give enough time crash lose everyth get annoy point uninstal app
ecae3065-bd6d-4f1e-ba4a-140bd0ec88df,5,I love to play this to pass the time.,I love to play this to pass the time,love play pass time
9108706e-dee0-4d95-8428-5d691d396e2a,5,I like this game 😁😁🎯,I like this game ,like game
498099af-df85-4cfd-a297-1ed7a7c2145c,1,"My Advertisement rewards system is not working, it's very hard to play and help customers service is very bad they don't fix it after writing mail to them",My Advertisement rewards system is not working it s very hard to play and help customers service is very bad they don t fix it after writing mail to them,advertis reward system work hard play help custom servic bad fix write mail
b429101d-a960-463a-b320-3636e5e75e8d,4,nice to play with you,nice to play with you,nice play
41983bc7-aa1d-407b-bd1e-eb1ee7ad1c52,4,"Tried playing today after taking a break for a few years. Gameplay is pretty much how I remember it, but geez- there are so many pop-ups wanting me to do this or that. I swear I had almost 10 things pop up in a row just now. I just want to play a couple levels. sheesh",Tried playing today after taking a break for a few years Gameplay is pretty much how I remember it but geez there are so many pop ups wanting me to do this or that I swear I had almost 10 things pop up in a row just now I just want to play a couple levels sheesh,tri play today take break year gameplay pretti much rememb geez mani pop up want swear almost 10 thing pop row want play coupl level sheesh
28f6bbf8-df50-4128-9849-16f029466376,5,I mean the higher it's goes the easier it's because soooooo funn,I mean the higher it s goes the easier it s because soooooo funn,mean higher goe easier soooooo funn
bad2dae2-027d-4708-b48a-07d451737cf7,1,I've had this game for at least 6 months if not longer I've been playing for a long time now. I opened the app to play it today and it tells me that I cannot play unless I accept the terms and policies. I accepted the terms and policies when I first download the app why am I getting told I have to do it again or I cannot play. all right Candy crush I guess I won't play. the game has changed anyways you can't hardly play for the first 10 minutes because of popups,I ve had this game for at least 6 months if not longer I ve been playing for a long time now I opened the app to play it today and it tells me that I cannot play unless I accept the terms and policies I accepted the terms and policies when I first download the app why am I getting told I have to do it again or I cannot play all right Candy crush I guess I won t play the game has changed anyways you can t hardly play for the first 10 minutes because of popups,game least 6 month longer play long time open app play today tell cannot play unless accept term polici accept term polici first download app get told cannot play right candi crush guess play game chang anyway hardli play first 10 minut popup
c4390b16-2676-40b4-a6d0-22e11bed1cdf,4,it's like a type of game that I feel is vital in everyone's life.it could have gotten a five but the first soundtrack like with the whistle was very nice 👌 I dont like the current one its not really hitting that spot or making me feel as relax as I think I should be,it s like a type of game that I feel is vital in everyone s life it could have gotten a five but the first soundtrack like with the whistle was very nice  I dont like the current one its not really hitting that spot or making me feel as relax as I think I should be,like type game feel vital everyon life could gotten five first soundtrack like whistl nice dont like current one realli hit spot make feel relax think
79d03acc-9bac-4d32-a463-1eacbcbbfe7b,5,Love candy crush.....still like candy crush,Love candy crush still like candy crush,love candi crush still like candi crush
7983d30b-12dd-4e77-920b-a98a903ee7cd,4,that's amazing to play 🥳🥳🥳🥳,that s amazing to play ,amaz play
68637f69-d783-4b9c-ba0e-fe0b51b7ce7c,1,need to spend money to progress stupid,need to spend money to progress stupid,need spend money progress stupid
27e64fe4-1696-4ca5-8b9c-4168986da9f3,3,"Fun for a few days, but quickly gets too complicated to pass boards without spending money. Literally, you will mathematically not have enough turns if you're not spending cash.",Fun for a few days but quickly gets too complicated to pass boards without spending money Literally you will mathematically not have enough turns if you re not spending cash,fun day quickli get complic pass board without spend money liter mathemat enough turn spend cash
d629519d-2f8d-459e-b0cb-79e268e7501f,5,was playing this app since 2016 amazing game user friendly with hard for human not impossible,was playing this app since 2016 amazing game user friendly with hard for human not impossible,play app sinc 2016 amaz game user friendli hard human imposs
c58570e4-a07e-4989-92b8-f97fc48feb1f,5,this game is on off my fevarit 🎯 game,this game is on off my fevarit  game,game fevarit game
ca83019b-beb0-46f2-8013-1e1194f233c8,5,love to see more boo sters,love to see more boo sters,love see boo ster
52bffeee-acf9-42a7-abdc-dd5a50f426d2,5,very good and nice game to play,very good and nice game to play,good nice game play
cf8d0563-fed9-4057-8b8f-c69554f26aae,5,its fantastic awesome I'm Really Enjoying this game. this game is Fun. love it. Use colorbomb in hard,its fantastic awesome I m Really Enjoying this game this game is Fun love it Use colorbomb in hard,fantast awesom realli enjoy game game fun love use colorbomb hard
e0dcdb05-0161-48f9-8fd8-01111a2d5d53,5,well its nice to play,well its nice to play,well nice play
6b92140f-fde0-42dc-9e11-ffe0bd34b515,5,love the game. wish i can earn from playing,love the game wish i can earn from playing,love game wish earn play
23cea45e-4740-4177-93a6-517ac1c6235b,5,very good game full time pass ❤️❤️,very good game full time pass ,good game full time pass
1b3e2fad-3d16-4e1a-a2e6-970af00aef6f,5,It is such a nice game! I love it,It is such a nice game I love it,nice game love
71f0d34e-2475-4cd3-83c0-5da9a6a8717e,5,I have few suggestions make long ads time to get more reward some time we can watch ads but we need more award,I have few suggestions make long ads time to get more reward some time we can watch ads but we need more award,suggest make long ad time get reward time watch ad need award
b6d20c11-73fd-488f-9895-711ed0e899cd,3,I WAS enjoying this game until it started crashing and closing all the time. Hope you fix the issue.,I WAS enjoying this game until it started crashing and closing all the time Hope you fix the issue,enjoy game start crash close time hope fix issu
235a118b-ca95-4fe2-af06-ffe9dc7b0659,1,I am not downloading the game because looking at all the stupid paid actors confirms that this game is for stupid people!!!! Especially the couple where the man behaves like a wimp and the lady is like a witch. The one with the bun and eyes so big they look like marbles. And the stupid bimbo who does make up and claiming she plays everyday...not too smart. So stop pushing ads of people that waste time.,I am not downloading the game because looking at all the stupid paid actors confirms that this game is for stupid people Especially the couple where the man behaves like a wimp and the lady is like a witch The one with the bun and eyes so big they look like marbles And the stupid bimbo who does make up and claiming she plays everyday not too smart So stop pushing ads of people that waste time,download game look stupid paid actor confirm game stupid peopl especi coupl man behav like wimp ladi like witch one bun eye big look like marbl stupid bimbo make claim play everyday smart stop push ad peopl wast time
8965288c-5706-4cab-a7e0-aa37d17713ee,5,Candy I'm crush 😂😍my crush 🥰8171,Candy I m crush my crush 8171,candi crush crush 8171
67a05dcc-b16e-4ac5-996a-a1da25dacb1b,5,I play this game always in long road trips recommended because it's so stress relieving and satisfying to swipe and play,I play this game always in long road trips recommended because it s so stress relieving and satisfying to swipe and play,play game alway long road trip recommend stress reliev satisfi swipe play
b3828381-e40a-455c-919f-88e02f039078,2,App has crashed 3 times in 30 minutes!!! very unstable app,App has crashed 3 times in 30 minutes very unstable app,app crash 3 time 30 minut unstabl app
6caf09e2-107c-4866-93ca-cf32d867bf4b,1,"Save your money! This game is still fun but you'll find that it crashes just when you're about to win gold or finish a level. Avoid in-app purchases as much as possible. Also, purchases cost more and you get less.",Save your money This game is still fun but you ll find that it crashes just when you re about to win gold or finish a level Avoid in app purchases as much as possible Also purchases cost more and you get less,save money game still fun find crash win gold finish level avoid app purchas much possibl also purchas cost get less
e002c95f-3b94-4a10-8e2e-839c868d34be,5,I love it most of the time.,I love it most of the time,love time
a02d2b4e-aff5-4138-8787-3d2ba315678a,5,absolutely love this game the best ever ♡♡♡,absolutely love this game the best ever ,absolut love game best ever
2e1d47e8-dbfc-4d74-8bc8-7102b98035d2,5,iove playing this game is distracts me a lot helps me get the stress out,iove playing this game is distracts me a lot helps me get the stress out,iov play game distract lot help get stress
efc81961-3487-4cc2-a748-d79ed44ef78b,1,there's no ads appear to get a chance into the game,there s no ads appear to get a chance into the game,ad appear get chanc game
18ff7599-95c7-4eb2-84cf-e322fa7c7fa6,5,love it so far candy crush is my favorite game,love it so far candy crush is my favorite game,love far candi crush favorit game
3b936d58-bb14-4e39-b352-489a75110304,5,edit. I've had to start again!! im gutted!! Brilliant game to distract yourself from the days stress. ARGH it won't update and now I can't play! 😭,edit I ve had to start again im gutted Brilliant game to distract yourself from the days stress ARGH it won t update and now I can t play ,edit start im gut brilliant game distract day stress argh updat play
dc542a5e-af94-4a32-93ec-1d894ba6f35b,1,Time bahot khrab hota hai,Time bahot khrab hota hai,time bahot khrab hota hai
926d20cb-9d5b-4394-8074-6b6db0129113,5,I like this puzzle game it's a game that have really good color and it is so fantastic to buy a time.👍👍,I like this puzzle game it s a game that have really good color and it is so fantastic to buy a time ,like puzzl game game realli good color fantast buy time
f352dc8c-b95e-49e6-92fa-a9fcdeab0cd9,5,"great game to pass time, love passing each levels",great game to pass time love passing each levels,great game pass time love pass level
f9a8f765-956d-410d-8099-7768da6232c0,3,Since yesterday the Booster wheel counts time till next one by adding hours and not decreasing... the next booster should be in 5 hours (midnight) but it shows 17h15 as now the time is 17h15..hopefully you can fix it as the booster wheel is very needed. also now you made rooms that are impossible to pass without paying gold for extra moves which discourages to continue playing,Since yesterday the Booster wheel counts time till next one by adding hours and not decreasing the next booster should be in 5 hours midnight but it shows 17h15 as now the time is 17h15 hopefully you can fix it as the booster wheel is very needed also now you made rooms that are impossible to pass without paying gold for extra moves which discourages to continue playing,sinc yesterday booster wheel count time till next one ad hour decreas next booster 5 hour midnight show 17h15 time 17h15 hope fix booster wheel need also made room imposs pass without pay gold extra move discourag continu play
a18a766d-56f3-49cb-82d4-417be89533c7,5,i really love this game i take all my stress away while playing this game 🎮 😅 😌 🙌 🙃,i really love this game i take all my stress away while playing this game     ,realli love game take stress away play game
dee91526-fb36-4539-8661-ae45a608a19a,5,it's fun! especially the special competitions,it s fun especially the special competitions,fun especi special competit
207ccdba-8d31-42ba-96c2-9c4bf125f8f2,5,"I play every day at work and at home. it's a fun game to play, ppl at work play. I play on my days off I have it on my laptop.",I play every day at work and at home it s a fun game to play ppl at work play I play on my days off I have it on my laptop,play everi day work home fun game play ppl work play play day laptop
88934add-cfb3-461b-87f8-e0bd118c3451,1,very boring and bad do not download,very boring and bad do not download,bore bad download
ed7b83d1-e065-4fa8-bcf5-f3d80d57bf9e,5,game is good put the ads are not coming i want more ads 😡😡😡 than I loss tha game,game is good put the ads are not coming i want more ads  than I loss tha game,game good put ad come want ad loss tha game
20f1eb78-8815-4dcc-84a5-de3744aebfa8,5,love playing on a snowy day love love,love playing on a snowy day love love,love play snowi day love love
39adc132-5207-4aee-a1ed-ce473df8a2ac,5,""" Starting today I tony Gibbs really loved and enjoyed myself playing Candy crush saga all star ⭐ games from the start.?"".",Starting today I tony Gibbs really loved and enjoyed myself playing Candy crush saga all star  games from the start,start today toni gibb realli love enjoy play candi crush saga star game start
c465f77e-1931-476a-9c5b-3e69bc2719f2,5,"I've been playing this game for years now, felt bad forgetting my login details back then. but nevertheless, I'm grateful that I'm back on track level 6000 now. Thank you candy crush for lovely game.",I ve been playing this game for years now felt bad forgetting my login details back then but nevertheless I m grateful that I m back on track level 6000 now Thank you candy crush for lovely game,play game year felt bad forget login detail back nevertheless grate back track level 6000 thank candi crush love game
0784e75c-1188-47eb-9c5c-e7b1526cae65,4,good game I love this game,good game I love this game,good game love game
d5a5eb69-c2c4-471b-9c66-51c928e331d4,1,level 12404 needs attention ASAP. can't move on. please check on that.,level 12404 needs attention ASAP can t move on please check on that,level 12404 need attent asap move pleas check
0d3980cc-c83e-47bc-963a-c1c3deef5e22,5,"so far no glitches, great game.",so far no glitches great game,far glitch great game
bcc2eb02-4a63-45c6-87ac-0f3acfd6bf3b,4,"HI , SO THIS IS THE FIRST TIME I PLAY CANDY CRUSH AND I'M UP TO LEVEL 4O ALMOST WITHOUT LOOSING A HEART ❤️ I'M HAVING FUN SO FAR I HOPE THE NEXT LEVELS ARE PRETTY CHALLENGING FOR ME 🌎🇵🇷🌍🌏😀🙏🏻 THANK YOU",HI SO THIS IS THE FIRST TIME I PLAY CANDY CRUSH AND I M UP TO LEVEL 4O ALMOST WITHOUT LOOSING A HEART  I M HAVING FUN SO FAR I HOPE THE NEXT LEVELS ARE PRETTY CHALLENGING FOR ME  THANK YOU,hi first time play candi crush level 4o almost without loos heart fun far hope next level pretti challeng thank
1479f773-6192-47d1-bae1-91019f7e93f1,1,time par kaam nhi karta inka sarvesh m video upload kar skta hu,time par kaam nhi karta inka sarvesh m video upload kar skta hu,time par kaam nhi karta inka sarvesh video upload kar skta hu
851d0c75-fb5e-495c-96c2-713096891116,5,very very good game on the world amazing,very very good game on the world amazing,good game world amaz
3828e655-9dc9-4db7-8638-a171887e29fc,5,Am in love with candy crush,Am in love with candy crush,love candi crush
32a65010-0f20-4292-b1c1-20e7202b2356,5,Good game my love fev... and my love play this game,Good game my love fev and my love play this game,good game love fev love play game
3a40b12f-2756-434c-bf44-45b7b000f506,5,relaxing game ever.... Love it,relaxing game ever Love it,relax game ever love
9b6cbb97-b79d-4255-9475-9fee387ebaa6,3,"fun, but in app purchase ads keep popping up",fun but in app purchase ads keep popping up,fun app purchas ad keep pop
b7711304-b2e7-4149-8b30-44de6e3ef8e7,1,Earlier the game was good. Some levels were easy and some were tough. Now looks like there is no way to move ahead apart from buying their boosters. Without boosters or extra moves at the end you cannot win any game. This feels more like a business and less like a game. I install the app and always end up uninstalling it after 2 days due to this problem. There are similar games out now which feel good on playing. Candy Crush has lost its charm.,Earlier the game was good Some levels were easy and some were tough Now looks like there is no way to move ahead apart from buying their boosters Without boosters or extra moves at the end you cannot win any game This feels more like a business and less like a game I install the app and always end up uninstalling it after 2 days due to this problem There are similar games out now which feel good on playing Candy Crush has lost its charm,earlier game good level easi tough look like way move ahead apart buy booster without booster extra move end cannot win game feel like busi less like game instal app alway end uninstal 2 day due problem similar game feel good play candi crush lost charm
01dccc1e-0a4a-4a27-af1c-3571c5f33941,5,best game of saga candy crush saga,best game of saga candy crush saga,best game saga candi crush saga
1ede2960-ca97-4038-8776-6640564d8ecd,5,candy crush saga good game ❤️,candy crush saga good game ,candi crush saga good game
3b078732-e8fc-47ba-ac29-60a6f7385782,5,great game lots of fun,great game lots of fun,great game lot fun
3ee57334-37f4-41d9-8074-2c8589b1056c,2,"Good for time pass. Nothing more than that for me.They don't give any cash rewards so why should I buy any boosters / gold bars or life in this game???? Why should I spend any money in this game. Would rather like to uninstall it instead of buying any thing in this game.. If they cannot shed any cash rewards, why should I spend a single penny¿???????? ¿???????? Not addicted or mad for this game... Never will be.!!!!",Good for time pass Nothing more than that for me They don t give any cash rewards so why should I buy any boosters gold bars or life in this game Why should I spend any money in this game Would rather like to uninstall it instead of buying any thing in this game If they cannot shed any cash rewards why should I spend a single penny¿ ¿ Not addicted or mad for this game Never will be,good time pass noth give cash reward buy booster gold bar life game spend money game would rather like uninstal instead buy thing game cannot shed cash reward spend singl penny¿ ¿ addict mad game never
582f0e19-83fa-46c9-9ec1-bab63d2a518c,4,I Love it game when iam free time,I Love it game when iam free time,love game iam free time
1f0594d5-9f19-43b2-908b-1196b4bac6bf,5,excellent game exciting way to pay time,excellent game exciting way to pay time,excel game excit way pay time
24f4f90f-1b2f-42d7-a38f-0d9c40514c6d,5,"it's pretty fun, it's also time consuming..",it s pretty fun it s also time consuming,pretti fun also time consum
6d3bf481-12f9-48ef-8744-89528d0f7be2,5,"Top game and well entertaining, keep up the good work creators 👌 👍 Still playing after 5yrs 👌👍",Top game and well entertaining keep up the good work creators   Still playing after 5yrs ,top game well entertain keep good work creator still play 5yr
667a9f92-f774-44a9-8082-b390a52529eb,5,"enjoying every minute of game play, super Cool",enjoying every minute of game play super Cool,enjoy everi minut game play super cool
b5cf9145-800b-46f5-bd33-a121e56ba1d5,5,iam not getting ad rewards,iam not getting ad rewards,iam get ad reward
c7a917bb-2e4e-48c8-936a-6d3b816b71eb,1,I liked it up to level 300 or so. then the butterfly collecting side play froze and I lost all my progress. so I no longer play and yes I really enjoyed the game til that happened and also ive downloaded it 2 more times and it froze both times. I like the game but cant play for the freezing up. sorry,I liked it up to level 300 or so then the butterfly collecting side play froze and I lost all my progress so I no longer play and yes I really enjoyed the game til that happened and also ive downloaded it 2 more times and it froze both times I like the game but cant play for the freezing up sorry,like level 300 butterfli collect side play froze lost progress longer play ye realli enjoy game til happen also ive download 2 time froze time like game cant play freez sorri
2f091cf2-198b-4447-afce-2852ee1cc7eb,5,"not consistent on rewards,sometimes it will change a candy color,it will move a striped candy when you get a chocolate ball next to it will add shaded areas you have removed",not consistent on rewards sometimes it will change a candy color it will move a striped candy when you get a chocolate ball next to it will add shaded areas you have removed,consist reward sometim chang candi color move stripe candi get chocol ball next add shade area remov
292bd21e-f35b-4028-b1e0-c049f7d9bfb5,4,its very fun and all-but i get SO MANY ADS!!!! its SOOOOO annoying when that happens to me!!oh and thats it yayyyyyy!,its very fun and all but i get SO MANY ADS its SOOOOO annoying when that happens to me oh and thats it yayyyyyy,fun get mani ad sooooo annoy happen oh that yayyyyyi
6b7b1f05-45f4-4152-837e-88354ec8d8ea,5,candy crush is a fun way to take your mind off of the stress of the news!,candy crush is a fun way to take your mind off of the stress of the news,candi crush fun way take mind stress news
42258ac9-0ef6-4f60-a9ec-00bc06dd46ad,1,"Latest update was a Disaster, always struck when passing by a level",Latest update was a Disaster always struck when passing by a level,latest updat disast alway struck pass level
a6b66368-4b54-404b-a446-118b5e022b4c,5,"an entirely upgraded game. although the original music was hilarious, this is much easier on the ears, the action is more fluid and the addons are wacky in the best way. at this point on the map none of the boss levels require a purchase to win, and I really appreciate that.",an entirely upgraded game although the original music was hilarious this is much easier on the ears the action is more fluid and the addons are wacky in the best way at this point on the map none of the boss levels require a purchase to win and I really appreciate that,entir upgrad game although origin music hilari much easier ear action fluid addon wacki best way point map none boss level requir purchas win realli appreci
493f1963-4256-470b-88a4-e2c9f4bc1e5a,5,very nice game i love it,very nice game i love it,nice game love
6b8297b0-c62c-48dd-a66a-c909bead3a4b,5,fun to play. can be addictive,fun to play can be addictive,fun play addict
44997813-1192-4ca6-bd00-d37331a9730a,5,like the new version having fun,like the new version having fun,like new version fun
5c94c9f6-e215-4477-8537-3714057216a9,5,best game in the world 😍,best game in the world ,best game world
c95842f5-9bb6-4f20-a968-e220b3d6c8d4,1,"It used to be good, but now you have to pay to win. I have been playing this game for about 13 years and now all they do is take my money or else I cannot win for days.",It used to be good but now you have to pay to win I have been playing this game for about 13 years and now all they do is take my money or else I cannot win for days,use good pay win play game 13 year take money els cannot win day
c741ad4d-cd1e-42da-9330-5f68c5890ff3,4,challenging but with lots of fun,challenging but with lots of fun,challeng lot fun
f6e5df6b-416e-4943-a86f-a25c8c189fe0,5,it's fun and educational and enjoyable 😁!!!! 😁,it s fun and educational and enjoyable  ,fun educ enjoy
0ca1b83c-c5c2-40b7-b86d-79a465b6c107,5,"One of the very best games out there and it really goes above and beyond when it comes to keep passing levels with an abundance of great ideas and moves if you get stuck. Yet I have had to reset the game back to level one from level 1,010 because this game makes you spend a small fortune just to pass levels. I made it to level 4,003 and couldn't afford to keep playing I am the Animal who almost won a spot in the 1 million game giveaway championship 🏆",One of the very best games out there and it really goes above and beyond when it comes to keep passing levels with an abundance of great ideas and moves if you get stuck Yet I have had to reset the game back to level one from level 1 010 because this game makes you spend a small fortune just to pass levels I made it to level 4 003 and couldn t afford to keep playing I am the Animal who almost won a spot in the 1 million game giveaway championship ,one best game realli goe beyond come keep pass level abund great idea move get stuck yet reset game back level one level 1 010 game make spend small fortun pass level made level 4 003 afford keep play anim almost spot 1 million game giveaway championship
152302cf-b5de-437b-817e-82f924eac6ab,5,this game is very good💯💯,this game is very good,game good
636998f7-b0aa-43dc-ba07-fca73ea36cad,2,it's glitches after updating it sucks I lost my double blast colour bomb...,it s glitches after updating it sucks I lost my double blast colour bomb,glitch updat suck lost doubl blast colour bomb
624724a8-3696-4aac-9593-efbd4d1c6a1e,5,I enjoy this really love it,I enjoy this really love it,enjoy realli love
2d1598fd-434a-4e01-a36d-0e2602118435,5,playing this game is as sweet as honey ❤️,playing this game is as sweet as honey ,play game sweet honey
a18023dc-0fa4-4933-b8a5-309f5e684879,5,i love 💕 this game is so nice ♥️ and brilliant thanks,i love  this game is so nice  and brilliant thanks,love game nice brilliant thank
957949b6-4db8-4d60-b84d-bfd209bfc1ac,5,divertido!! e pode jogar offline🙌🏾,divertido e pode jogar offline,divertido e pode jogar offlin
c39aaab1-3b3b-421f-ae73-355353d8816d,1,trash and a rip off,trash and a rip off,trash rip
bd56e27b-2885-48a9-ac89-21e454e747a6,5,it was a extremely satisfying game my grandma was so addicted that she started vomiting candy all over the ground,it was a extremely satisfying game my grandma was so addicted that she started vomiting candy all over the ground,extrem satisfi game grandma addict start vomit candi ground
5f35fa02-6f0c-45be-8e7a-a6fcd7214235,1,"I love this game and I've been playing it for years. but lately the app has been very annoying. I can't watch ads to claim extra gold or lives.... when I watch,cit still asks me to buy... which is so annoyed. please fix the error. it's so demotivating",I love this game and I ve been playing it for years but lately the app has been very annoying I can t watch ads to claim extra gold or lives when I watch cit still asks me to buy which is so annoyed please fix the error it s so demotivating,love game play year late app annoy watch ad claim extra gold live watch cit still ask buy annoy pleas fix error demotiv
0b623b26-4ee2-4c41-8e16-165e9c94782d,5,it is an amazing game,it is an amazing game,amaz game
0966244c-e8c9-41bf-af58-5a4edf32365b,3,"ALL STARS?? Good luck winning anything with that. I play Candy Crush often. And probably more than I should. With that said, unless you play 24 hours per day, there's nothing fun about the 'All Stars' competition. It's ridiculous. I consider myself a good player, almost to 9000(I know there's a lot ahead of that 9000), but you know what I mean. It's all about getting people to pay. And all about Greed! I increased from a 2 rate, to a 3, because the game itself is better. Not competitions",ALL STARS Good luck winning anything with that I play Candy Crush often And probably more than I should With that said unless you play 24 hours per day there s nothing fun about the All Stars competition It s ridiculous I consider myself a good player almost to 9000 I know there s a lot ahead of that 9000 but you know what I mean It s all about getting people to pay And all about Greed I increased from a 2 rate to a 3 because the game itself is better Not competitions,star good luck win anyth play candi crush often probabl said unless play 24 hour per day noth fun star competit ridicul consid good player almost 9000 know lot ahead 9000 know mean get peopl pay greed increas 2 rate 3 game better competit
57cae7bb-a295-41ba-b0fd-bc47fc53785c,5,I'm the best that ever played who want smoke 🤣🤣🤣,I m the best that ever played who want smoke ,best ever play want smoke
c2ce5a92-8260-4db5-b05e-1a5fe95d3357,5,nice n time consuming like multi task on ur mind🥂🥂🥂...,nice n time consuming like multi task on ur mind,nice n time consum like multi task ur mind
68847758-6239-42b2-be6c-a116491154a8,4,"always my best but was over level 2k,need you to retrieve my program",always my best but was over level 2k need you to retrieve my program,alway best level 2k need retriev program
ea55d3b6-5cdb-4c02-b5d4-922d7f31d921,3,"Many glitches. Currently, 3/12/26, the spin wheel isn't working, nor the chocolate box, no lives from friends and says no connection when there is a connection. Not enjoyable and more frustrating than it's worth! I've been playing for 13 years for relaxation but rethinking if it's worth it! These issues need to be fixed!",Many glitches Currently 3 12 26 the spin wheel isn t working nor the chocolate box no lives from friends and says no connection when there is a connection Not enjoyable and more frustrating than it s worth I ve been playing for 13 years for relaxation but rethinking if it s worth it These issues need to be fixed,mani glitch current 3 12 26 spin wheel work chocol box live friend say connect connect enjoy frustrat worth play 13 year relax rethink worth issu need fix
ce3435a5-05c5-439f-81e4-82e89d10727b,5,love this game so much,love this game so much,love game much
15544eec-3bf2-490f-8995-95224ad044c4,5,extra ordinary mind freshing game no ad no glitch just play and fun i play this game and my mind was recovering in fun 😊,extra ordinary mind freshing game no ad no glitch just play and fun i play this game and my mind was recovering in fun ,extra ordinari mind fresh game ad glitch play fun play game mind recov fun
248185f5-ea8c-4b1a-89ff-054f4b3b26af,5,This game is good for competitions.,This game is good for competitions,game good competit
7eb39ac8-bfc7-4fee-9ea9-31a30d2c19d0,5,best is this game to play,best is this game to play,best game play
b9ad79f0-79ef-4b3e-a851-bb5bb926f329,4,I love this game and it helps me pass the time.,I love this game and it helps me pass the time,love game help pass time
d779785c-4ba3-4a65-8a6b-bdba5113137d,5,"Great game helped me through boredom in this virus lockdown. Ive reached level 1442 without a purchase. Still playing even now 😃. 9-1-25 Still playing 💃 22-1-25 still playing 👍 5-2-25 still playing 💃 3-3-25 still playing 💃 14-3-25 still playing 💃24-4-25 Still playing 💃🏼1-5-25 💃 The ad for TEMU is infuriating. Most times I hit the X at the end for the reward, I'm taken straight to the TEMU web site 😠. DECEMBER NOW & STILL PLAYING February and back playing April playing again 💃",Great game helped me through boredom in this virus lockdown Ive reached level 1442 without a purchase Still playing even now  9 1 25 Still playing  22 1 25 still playing  5 2 25 still playing  3 3 25 still playing  14 3 25 still playing 24 4 25 Still playing 1 5 25  The ad for TEMU is infuriating Most times I hit the X at the end for the reward I m taken straight to the TEMU web site  DECEMBER NOW STILL PLAYING February and back playing April playing again ,great game help boredom viru lockdown ive reach level 1442 without purchas still play even 9 1 25 still play 22 1 25 still play 5 2 25 still play 3 3 25 still play 14 3 25 still play 24 4 25 still play 1 5 25 ad temu infuri time hit x end reward taken straight temu web site decemb still play februari back play april play
6304721b-860d-432e-8c1d-6e85fc2a6e03,5,it helps in mind relaxing,it helps in mind relaxing,help mind relax
b4f907a4-206f-4030-9ea4-71b94f65cfe1,5,I'm very happy and enjoy in this Game,I m very happy and enjoy in this Game,happi enjoy game
e5e0ceb4-37d4-4fbc-b5fa-4c4af77de628,5,It's mind relaxing and enhances creative thinking 👍🏻,It s mind relaxing and enhances creative thinking ,mind relax enhanc creativ think
4e6a9cd6-7a3a-4c96-8ed7-3a19cfb445fc,5,Great way to train your brain in an amusing way,Great way to train your brain in an amusing way,great way train brain amus way
5f5a08c9-d70d-4161-8cf8-feb0995ec610,1,lower graphics game not download,lower graphics game not download,lower graphic game download
fef561d8-281d-4459-a275-b4708139d2de,5,it's such a wonderful game to play most especially in your free time,it s such a wonderful game to play most especially in your free time,wonder game play especi free time
7ae8cd9b-d6f2-45c6-93ef-86051a9d67f5,1,totally West wyu u put in my phone,totally West wyu u put in my phone,total west wyu u put phone
30888bd8-fb25-4a8b-bf88-3bae18c151df,5,Please Please don't let this game be gone 😭🙏,Please Please don t let this game be gone ,pleas pleas let game gone
a17c89c9-158c-4656-9a27-a73a695cf454,4,me thala ke wajah se ye game khelta hu,me thala ke wajah se ye game khelta hu,thala ke wajah se ye game khelta hu
3b577421-5de9-4102-bed1-5794c1057f99,5,awesome game vibrant and colorful,awesome game vibrant and colorful,awesom game vibrant color
b6d552c7-ce86-4f0c-b192-7b2e3554ea57,5,I enjoy playing this game,I enjoy playing this game,enjoy play game
130dbb5a-7477-4e48-9d7f-45a79376c394,5,I really enjoy this game I could play it for hours and not get bored or I can play it for 10 minutes and be fine,I really enjoy this game I could play it for hours and not get bored or I can play it for 10 minutes and be fine,realli enjoy game could play hour get bore play 10 minut fine
b8380930-25be-42b2-8711-f96eedf48a27,2,"Cookies settings reset themselves - every day. A few days ago I made sure the app was updated and then went in and turned off all the cookies I could. For the next couple of days when I've opened the app, I immediately go into the settings, privacy policy, cookie settings, and there they are! ALL COOKIES ON, NO MATTER HOW MANY TIMES I CHANGE AND CONFIRM MY CHOICES. Can anyone explain why this app continuously has to track everything we do, despite us saying no? This is a serious legal matter.",Cookies settings reset themselves every day A few days ago I made sure the app was updated and then went in and turned off all the cookies I could For the next couple of days when I ve opened the app I immediately go into the settings privacy policy cookie settings and there they are ALL COOKIES ON NO MATTER HOW MANY TIMES I CHANGE AND CONFIRM MY CHOICES Can anyone explain why this app continuously has to track everything we do despite us saying no This is a serious legal matter,cooki set reset everi day day ago made sure app updat went turn cooki could next coupl day open app immedi go set privaci polici cooki set cooki matter mani time chang confirm choic anyon explain app continu track everyth despit us say seriou legal matter
561d688b-050f-4563-ad03-398e0260974d,1,"What a lame game it is I played level 237 without losing started the game on level 238 and got kicked out automatically, the developer of the game should pay attention to the game",What a lame game it is I played level 237 without losing started the game on level 238 and got kicked out automatically the developer of the game should pay attention to the game,lame game play level 237 without lose start game level 238 got kick automat develop game pay attent game
68b97982-bec2-4202-9c45-35485b5b9ee8,5,I absolutely adore Candy Crush... I've been playing it since about 2013. Best game EVER❤️,I absolutely adore Candy Crush I ve been playing it since about 2013 Best game EVER,absolut ador candi crush play sinc 2013 best game ever
002689f3-9c63-4073-b2a6-d44906755e8f,5,"I'm less than 50 levels in but, fun so far",I m less than 50 levels in but fun so far,less 50 level fun far
69b87e86-cb59-4908-9247-5d55ec7a6ec5,5,I like the save progres and gift,I like the save progres and gift,like save progr gift
e4a85726-fe81-4bd4-a53a-02226d140266,5,fire game fire rewards fire fire 🔥,fire game fire rewards fire fire ,fire game fire reward fire fire
6ac249f1-4a6a-441d-8510-a59a549bb231,5,fun candy crush fun fun fun fun,fun candy crush fun fun fun fun,fun candi crush fun fun fun fun
4ffb0bcd-9c24-4ec2-b761-a94a5c1998cb,5,This is a very good and enjoyable game for everyone who plays this game. now I only play this game.we can play it with joy and happiness. i'm being happy after playing this game.we get released from the stress of the daily days activities and it is a place where we cannot get bored and we will not feel loneliness.we can get friends play games together and have fun. it is a very very good and enjoyable game for all of people in the world .my wish is that all must download this game and have fun .,This is a very good and enjoyable game for everyone who plays this game now I only play this game we can play it with joy and happiness i m being happy after playing this game we get released from the stress of the daily days activities and it is a place where we cannot get bored and we will not feel loneliness we can get friends play games together and have fun it is a very very good and enjoyable game for all of people in the world my wish is that all must download this game and have fun,good enjoy game everyon play game play game play joy happi happi play game get releas stress daili day activ place cannot get bore feel loneli get friend play game togeth fun good enjoy game peopl world wish must download game fun
8feed720-bec4-43ed-b623-878766be63dd,5,Lovely game! The ads need to be reduced.,Lovely game The ads need to be reduced,love game ad need reduc
36697294-a4ee-4d43-b0fb-1bf41ff9a0a3,1,You have to make sure people spend and purchase. Greedy vile developers. You have not earned enough or what. Disgusting trash,You have to make sure people spend and purchase Greedy vile developers You have not earned enough or what Disgusting trash,make sure peopl spend purchas greedi vile develop earn enough disgust trash
30d00ea9-b86e-4c03-a9e3-f1f3b11428be,3,"There are virus ads in your ads. They infect phones. You should not have those. It's rude. If someone watches your ads for anything, the rewards should be rewards. Not damage to their phones or computers. Better fix that.",There are virus ads in your ads They infect phones You should not have those It s rude If someone watches your ads for anything the rewards should be rewards Not damage to their phones or computers Better fix that,viru ad ad infect phone rude someon watch ad anyth reward reward damag phone comput better fix
cfb1e076-2624-41fb-88f3-4bbad16f4982,5,this game is very relaxing and fun 2 play!!,this game is very relaxing and fun 2 play,game relax fun 2 play
f6a0c9bf-fc6c-44b0-959b-bb5e9c50042a,1,"Please, good people, if you know that you are addicted to something, do not download this game. It is designed to make money while players gain nothing from it. They can make you play a single level more than 200 times, which becomes frustrating. You may end up repeating the same level and eventually spend real money just to win. Please stay away.",Please good people if you know that you are addicted to something do not download this game It is designed to make money while players gain nothing from it They can make you play a single level more than 200 times which becomes frustrating You may end up repeating the same level and eventually spend real money just to win Please stay away,pleas good peopl know addict someth download game design make money player gain noth make play singl level 200 time becom frustrat may end repeat level eventu spend real money win pleas stay away
5883763c-ebb8-4252-af27-72018dd4fd0b,5,I think that it has improved so much since it first started,I think that it has improved so much since it first started,think improv much sinc first start
fe791c6d-3468-4153-b17e-bbc0b38a4041,5,so good game for online and offline,so good game for online and offline,good game onlin offlin
b73dc75e-401f-4a9e-a526-c5b800a14e6a,5,I'm not impressed. I stopped playing it for a year,I m not impressed I stopped playing it for a year,impress stop play year
2e9e0017-5c7f-41ad-b383-b664b4f72a04,5,my fevret and superb game 🎯❤️❤️,my fevret and superb game ,fevret superb game
fcb85e97-cda2-4c7d-95a2-79385b54ba0e,5,"veteran player here, since 2012, it's one of the few games that has never bored me. most new features are usually worth the effort, cause as you progress, you get at least a few levels to practice every new challenge, so you don't get frustrated or stuck too long. usually you get a really hard level with a new requirement, but the ones that follow are easier so you can master the technique, which is both fun and fair. this is not really a review, but a tip for newer players",veteran player here since 2012 it s one of the few games that has never bored me most new features are usually worth the effort cause as you progress you get at least a few levels to practice every new challenge so you don t get frustrated or stuck too long usually you get a really hard level with a new requirement but the ones that follow are easier so you can master the technique which is both fun and fair this is not really a review but a tip for newer players,veteran player sinc 2012 one game never bore new featur usual worth effort caus progress get least level practic everi new challeng get frustrat stuck long usual get realli hard level new requir one follow easier master techniqu fun fair realli review tip newer player
31452612-343a-4a93-a0e5-5752d355dcb0,5,Certainly a pleasant way to pass some time.,Certainly a pleasant way to pass some time,certainli pleasant way pass time
382bdb74-69d9-49af-add8-15fadede2949,5,Outstanding. amazingly amazing. edited ©2026,Outstanding amazingly amazing edited ©2026,outstand amazingli amaz edit ©2026
84e146ea-b40a-4d33-bca4-abc47d722882,4,No ads at all. I loveee it❤️.,No ads at all I loveee it,ad lovee
05fc4f24-5500-405d-a6af-0fbdf03d849e,5,🙈what a game . superb If have some free time so I am suggesting this game is better than any game. never ever i have seen this type of game in my whole life,what a game superb If have some free time so I am suggesting this game is better than any game never ever i have seen this type of game in my whole life,game superb free time suggest game better game never ever seen type game whole life
e3208d23-1f56-4e36-949c-017d0bf96ca2,5,chat I'm pretty sure I'm goatee at this game,chat I m pretty sure I m goatee at this game,chat pretti sure goate game
cb844b3b-4723-4e1e-a4ae-6117802730f0,5,A good game to relax,A good game to relax,good game relax
8bee1b48-567a-4a72-b195-14efebcb0e2c,5,fun game for passing time while waiting,fun game for passing time while waiting,fun game pass time wait
11c085e6-a4b9-4a65-91fa-49ebb5cdd03d,4,It's satisfying and makes my high stress cortisol lower.,It s satisfying and makes my high stress cortisol lower,satisfi make high stress cortisol lower
826d2791-2a27-4c5a-b508-98f3435b4ec3,5,variety of plays keeps it interesting,variety of plays keeps it interesting,varieti play keep interest
9409a465-0d2c-4496-bf13-ff62ec7beb00,5,Most comforting and distracting game for when stressed out.Also difficult enough for loving frustration build up.im never bored honestly. ~since 2020,Most comforting and distracting game for when stressed out Also difficult enough for loving frustration build up im never bored honestly since 2020,comfort distract game stress also difficult enough love frustrat build im never bore honestli sinc 2020
791d220a-daeb-408c-835c-55988a6b76a4,1,take your lousy hard levels and shove it to impossible to beat especially the rotating ones and no I will not purchase power packages not for what you charge,take your lousy hard levels and shove it to impossible to beat especially the rotating ones and no I will not purchase power packages not for what you charge,take lousi hard level shove imposs beat especi rotat one purchas power packag charg
d9e2b28e-f8b3-41a3-9606-200ee1d3640f,1,Good Game but a total money grub,Good Game but a total money grub,good game total money grub
f9a6a2c4-a332-4ff7-97f5-ee896fa37d12,5,I love this game ❤️,I love this game ,love game
d16337e6-fe9b-40f9-8416-ec2b0bd6ccb3,4,sweet game to swipe the stress of the Day,sweet game to swipe the stress of the Day,sweet game swipe stress day
fbf108f1-a789-497b-9936-208a65bb2f9f,5,very good game for timepass recommended,very good game for timepass recommended,good game timepass recommend
cf39ccc7-fe49-4db5-a85e-fbd73c066546,5,ad please chat with friends,ad please chat with friends,ad pleas chat friend
489d034d-4b96-4423-8851-5fa4041bcbfc,3,Becomes Harder once you buy Gold. Whole Game play would bring the last move and left you hanging to use Gold for the last move.,Becomes Harder once you buy Gold Whole Game play would bring the last move and left you hanging to use Gold for the last move,becom harder buy gold whole game play would bring last move left hang use gold last move
c1c2840b-25d8-4e97-955a-cdb29c7996fd,5,a good game to play while relaxing,a good game to play while relaxing,good game play relax
8e0f86f7-1e34-4019-918a-f2c109ba0cdf,5,mri tanhai ka sathi... I am always thankful for this game jski wjja s mri tnhai ka wqt kt jata h,mri tanhai ka sathi I am always thankful for this game jski wjja s mri tnhai ka wqt kt jata h,mri tanhai ka sathi alway thank game jski wjja mri tnhai ka wqt kt jata h
588d60b3-5fcd-44d0-90c4-6f08b2c9c894,5,It is time passing and interesting,It is time passing and interesting,time pass interest
f4e33347-84ed-455c-8383-868a72f09aaa,5,"bubs, this game is like gambling: it itches ur brain and like really pumps ur veins with rage. lol brobs. I h@te this game fr fr I cannot. but I can! wow. this game is fine/5 stars",bubs this game is like gambling it itches ur brain and like really pumps ur veins with rage lol brobs I this game fr fr I cannot but I can wow this game is fine 5 stars,bub game like gambl itch ur brain like realli pump ur vein rage lol brob game fr fr cannot wow game fine 5 star
db78caec-7867-4a40-a3a9-6087815bdccd,5,its amazing 😍 i liked it,its amazing  i liked it,amaz like
ba25862f-b561-4f08-a2b8-57efee71022c,5,it's excellent for my mental health. believe me when I say it is excellent for my mental health,it s excellent for my mental health believe me when I say it is excellent for my mental health,excel mental health believ say excel mental health
4e478686-f53a-430b-bef6-79cac7386d48,5,I've been playing 15 to 20 years but I've had to start over many times due to losing progress.,I ve been playing 15 to 20 years but I ve had to start over many times due to losing progress,play 15 20 year start mani time due lose progress
0231888f-00c7-4dba-b453-3b38cd2975af,1,it's too hard and take long time to go to directly to play games. lots of unuseful process to start game,it s too hard and take long time to go to directly to play games lots of unuseful process to start game,hard take long time go directli play game lot unus process start game
958f4808-a67e-40c7-a020-0169a09ba8c5,1,please add a chat (message) option,please add a chat message option,pleas add chat messag option
4dd5eef5-5490-4c1f-8429-bd92575c6392,5,"All credits goes to Dhoni sir, Thala for reason to install this game 🙌🏻",All credits goes to Dhoni sir Thala for reason to install this game ,credit goe dhoni sir thala reason instal game
7204e622-69b4-475c-9f3b-fa1ca323a71d,5,I was not aware that the time spent on playing combined with all points won and lost convert into money returned to my spiritual banking system. What other treasures have surrounded me all my life?,I was not aware that the time spent on playing combined with all points won and lost convert into money returned to my spiritual banking system What other treasures have surrounded me all my life,awar time spent play combin point lost convert money return spiritu bank system treasur surround life
815cdaed-59fd-4b61-b104-bb4efbff3bc5,5,interesting game to spend time,interesting game to spend time,interest game spend time
6e0b4215-d372-455e-bf29-82d4cd162906,5,"it's the best game ever, and it relieves stress",it s the best game ever and it relieves stress,best game ever reliev stress
bd7b3695-6117-4847-90ec-0463a55b8948,5,love the game but less add pliz can you give more adds pliz,love the game but less add pliz can you give more adds pliz,love game less add pliz give add pliz
c66fc074-0c7e-4925-929a-c99b70d67cf3,5,I started playing again and things have changed for the better,I started playing again and things have changed for the better,start play thing chang better
b6d4b15e-d14b-4232-be00-ce701f304ad9,1,This game is so fun 😁,This game is so fun ,game fun
15b55a3f-64f3-49df-9e5c-bc0cefd605bb,1,"27 times in a row, they showed the same damn Pepsi ad. If this continues, I will install it.",27 times in a row they showed the same damn Pepsi ad If this continues I will install it,27 time row show damn pepsi ad continu instal
cdf03739-bd9c-4094-908d-48e6a1d3a23a,2,most rigged game ever if you uabe enough gold bars they do not give you extra moves they want you to drain the gold bars,most rigged game ever if you uabe enough gold bars they do not give you extra moves they want you to drain the gold bars,rig game ever uab enough gold bar give extra move want drain gold bar
3edf8787-a044-4baa-826f-2b7f58e425b8,3,it seem to easy mom,it seem to easy mom,seem easi mom
92ebd871-1adb-47c2-9150-767d48221c93,5,more interesting game I love it,more interesting game I love it,interest game love
29a737e4-e777-453b-93a8-4da073e08d56,5,Doc suggested me for play candy crush game usse insaan depression mea nhi jata,Doc suggested me for play candy crush game usse insaan depression mea nhi jata,doc suggest play candi crush game uss insaan depress mea nhi jata
608b5a2f-dd97-4727-b281-26625ac33d15,4,I love it but some levels are extremely hard😒,I love it but some levels are extremely hard,love level extrem hard
5026eef0-8440-4b67-ae54-1b43bdf7997e,1,the game was good 4 years ago now its just a company that is trying to squeeze as much money as possible out of everything from in the game its a pay to win game at this point in 2026 and dont get me started the ads and microtransactions...,the game was good 4 years ago now its just a company that is trying to squeeze as much money as possible out of everything from in the game its a pay to win game at this point in 2026 and dont get me started the ads and microtransactions,game good 4 year ago compani tri squeez much money possibl everyth game pay win game point 2026 dont get start ad microtransact
b2961b71-7c01-4fe8-942e-26026b79db6f,5,it was good have fun,it was good have fun,good fun
6ab56822-1ede-441f-959b-4750aca4dc44,5,"Very fun game, a good way to pass time.",Very fun game a good way to pass time,fun game good way pass time
3040ed7b-9cf0-434d-a963-22ac6bf82b1a,4,Candy Crush Saga is so perfect,Candy Crush Saga is so perfect,candi crush saga perfect
20051d33-eac1-4dd4-89b5-1e21ecc12967,5,It's been great so far. only level 36.,It s been great so far only level 36,great far level 36
81d30a39-1999-4320-9c51-cced75421676,5,this app is good for students,this app is good for students,app good student
3c522c19-7205-4a11-9bde-610a3f8f76bb,5,kuch log ka to bht di it di he,kuch log ka to bht di it di he,kuch log ka bht di di
f466ff07-1d5e-46d1-9fdf-121337bdda49,5,candy crush is an awesome game spent hours upon hours playing this game plus they offer amazing booster deals for really cheap it a fun challenging time consuming game. keep up the good work,candy crush is an awesome game spent hours upon hours playing this game plus they offer amazing booster deals for really cheap it a fun challenging time consuming game keep up the good work,candi crush awesom game spent hour upon hour play game plu offer amaz booster deal realli cheap fun challeng time consum game keep good work
fad5fd50-159c-40f6-a78d-703b659626fc,5,use to enjoy candycrush but now I am getting fed up with it very annoying lost all my gold bars pins disappearing is anyone having a problem with their candycrush anyone have tje same problem with. their game. ?,use to enjoy candycrush but now I am getting fed up with it very annoying lost all my gold bars pins disappearing is anyone having a problem with their candycrush anyone have tje same problem with their game,use enjoy candycrush get fed annoy lost gold bar pin disappear anyon problem candycrush anyon tje problem game
55c83e6e-248b-4e64-8856-ba76ba7b233c,1,Gold Chocolate Box is not updating. Losing a lot of progress. Please fix ASAP. Thank you.,Gold Chocolate Box is not updating Losing a lot of progress Please fix ASAP Thank you,gold chocol box updat lose lot progress pleas fix asap thank
d12f41de-1fb6-49a0-8257-ad3be45dbd2f,5,it is so fun and if I get bored i play this game and it also doesn't have that irritating ads,it is so fun and if I get bored i play this game and it also doesn t have that irritating ads,fun get bore play game also irrit ad
6de80c51-bf94-4b5a-bdc9-7ea2078f5a67,5,fun fun fun! my absolute FAVORITE GAME EVER,fun fun fun my absolute FAVORITE GAME EVER,fun fun fun absolut favorit game ever
67ede676-cf76-4221-9359-deec14684e3c,5,"it's a very nice game.with or without an Internet connection, the game can be played.",it s a very nice game with or without an Internet connection the game can be played,nice game without internet connect game play
5e1448c0-0c63-48d3-9fb2-fb8e8c593e61,4,"I'm on level 10308 but it does give me yellow or red candies I've even used up all my gold bars, I'm on the latest version of the game but still I don't get them, what to do?",I m on level 10308 but it does give me yellow or red candies I ve even used up all my gold bars I m on the latest version of the game but still I don t get them what to do,level 10308 give yellow red candi even use gold bar latest version game still get
aeb9f5d1-70f1-4349-8ddb-51d1cadc3074,5,it is the best game in the world and,it is the best game in the world and,best game world
e1309ca1-b041-4a1b-8145-6e65faa9866a,1,When playing in my house I constantly loose internet connection even when I have data and the amount of moves have changed and its just ridiculous,When playing in my house I constantly loose internet connection even when I have data and the amount of moves have changed and its just ridiculous,play hous constantli loos internet connect even data amount move chang ridicul
a23b049b-be21-4288-9cb7-c35a052d8ae9,5,having the most fun with this game! 😁,having the most fun with this game ,fun game
e9394d49-7591-4404-9a94-d66fd5f4e998,2,bro this game is a real mastermind cheater bro in level 483 when I run out of moves it's saying play on 16 gold how the heck I only have 8 gold's not only that. I completely complete the ad to get 3 moves but it did not nothing so fix this right now,bro this game is a real mastermind cheater bro in level 483 when I run out of moves it s saying play on 16 gold how the heck I only have 8 gold s not only that I completely complete the ad to get 3 moves but it did not nothing so fix this right now,bro game real mastermind cheater bro level 483 run move say play 16 gold heck 8 gold complet complet ad get 3 move noth fix right
4f7d9f9a-1e3d-4cbb-a390-5174001a6963,1,"pls giving money or contribute some % of profit to players of running ads ,,",pls giving money or contribute some of profit to players of running ads,pl give money contribut profit player run ad
087027b9-4e84-45fd-a2b7-6f3b6b060e4a,5,I play this game when I get bore and after playing I dont get bore,I play this game when I get bore and after playing I dont get bore,play game get bore play dont get bore
6ef62fa2-8ec3-4048-ad3e-5593678fe0ad,5,SWEEEEET. The voice is soooo sexy. lolol,SWEEEEET The voice is soooo sexy lolol,sweeeeet voic soooo sexi lolol
2bcfa0a0-3db8-46f2-8ccb-d3f93d052cd9,5,very byutiful and interesting and very nice game,very byutiful and interesting and very nice game,byuti interest nice game
8f251584-18c7-4cf5-8fb1-36de53c0cbf6,1,the game ads lock you in and you cant close them,the game ads lock you in and you cant close them,game ad lock cant close
c9408c79-8a3d-4d10-a8a6-a7177c9f12ba,1,"Scam Game! This game arrived too many levels, it's cheated!!!",Scam Game This game arrived too many levels it s cheated,scam game game arriv mani level cheat
4fa2d828-b1d9-4f9e-b0e2-40eff982dcd3,1,don't install this app only your mobile data collected and sale with hacker,don t install this app only your mobile data collected and sale with hacker,instal app mobil data collect sale hacker
c5012dd2-eb8e-42eb-acd9-ae2d023b67df,5,great game easy to use and pass time don't need to spend real money,great game easy to use and pass time don t need to spend real money,great game easi use pass time need spend real money
d2b2fe18-6654-42ed-ab0f-c117bb7e36ee,4,"How can I get adds to get extra moves, helps or lifes???",How can I get adds to get extra moves helps or lifes,get add get extra move help life
e75f5d24-d8c1-4138-9b66-a54fae5b3c74,1,Adds constantly cause game to exit. uninstalling,Adds constantly cause game to exit uninstalling,add constantli caus game exit uninstal
7eb2b686-3b46-49d7-a9d4-2059ab47b36e,5,i love playing this game and since I have been playing no problem at all,i love playing this game and since I have been playing no problem at all,love play game sinc play problem
ec236ebf-ad74-48c1-95fd-5769a1bb2db3,2,I have not been receiving my rewards for my races tonight. this is very upsetting.,I have not been receiving my rewards for my races tonight this is very upsetting,receiv reward race tonight upset
50e7180f-241b-430a-8e19-d6d27fbfb7f7,1,forces onto your phone when you update Samsung. you know an app is trash.,forces onto your phone when you update Samsung you know an app is trash,forc onto phone updat samsung know app trash
196dfe16-198e-4e44-b923-babcb9d84b9b,3,Provide more free boosters Game still great though. make boosters more affordable,Provide more free boosters Game still great though make boosters more affordable,provid free booster game still great though make booster afford
2f6bff5c-c438-4700-a7f1-600ed452e297,5,this good play relex ur maint set,this good play relex ur maint set,good play relex ur maint set
7a4a6aa7-7767-4c43-8377-66e86aa8ef50,5,awesome 👌 game 🎮 fully time pass,awesome  game  fully time pass,awesom game fulli time pass
2818a3f2-81a5-4c54-95d0-c38320f96e5e,5,fun when u on that buger sugga,fun when u on that buger sugga,fun u buger sugga
9a23bb4d-73c4-4685-b651-b83faae0da6a,1,used to be a fun silly game back in the day. Now it's a game where microtransactions are shoved down your throat. Levels that are impossible to pass without buying gold to continue or buying upgrades etc. absolutely terrible game run by vultures. Do not buy anything from them,used to be a fun silly game back in the day Now it s a game where microtransactions are shoved down your throat Levels that are impossible to pass without buying gold to continue or buying upgrades etc absolutely terrible game run by vultures Do not buy anything from them,use fun silli game back day game microtransact shove throat level imposs pass without buy gold continu buy upgrad etc absolut terribl game run vultur buy anyth
3734bce2-4435-4790-aae5-8682da2b7016,5,Best game on this planet..,Best game on this planet,best game planet
f5b7b7f5-4aae-4289-ba47-01cec605b98e,5,I love this game..... I always come back and back because its fun and relaxing... i lost my game..,I love this game I always come back and back because its fun and relaxing i lost my game,love game alway come back back fun relax lost game
a43f8e29-7b92-4de1-b003-d57c5a597d3c,5,I'm enjoying this game more than when I played it 1st time in my life 20years back.👍🥰,I m enjoying this game more than when I played it 1st time in my life 20years back ,enjoy game play 1st time life 20year back
ff2d68ac-41b5-4da3-b7db-95c05ce9551c,4,"I love playing candy crush, it relaxes my mind",I love playing candy crush it relaxes my mind,love play candi crush relax mind
4426c06e-63d1-4078-a737-b3fc8394f3ba,1,no this is a vest game in candy crush saga no dounload please let me know if you have a great day and time to o na kosam,no this is a vest game in candy crush saga no dounload please let me know if you have a great day and time to o na kosam,vest game candi crush saga dounload pleas let know great day time na kosam
4008b264-0d81-48ff-aa6b-b93b109fe822,5,really enjoy this game play every day,really enjoy this game play every day,realli enjoy game play everi day
c78cce49-3887-4521-8612-ab86462fd7e3,1,This game tells about huge thinking of brain and brings your experience 💭🙃😊🥰,This game tells about huge thinking of brain and brings your experience ,game tell huge think brain bring experi
557f33d5-7b08-4495-b27d-14aa45f54f83,1,why is not showing ads ? sometimes it's really irritating,why is not showing ads sometimes it s really irritating,show ad sometim realli irrit
5052b55b-d68d-4cec-bda0-55c95a263150,5,because of God of cricket dhoni,because of God of cricket dhoni,god cricket dhoni
0c98f1cf-f475-41db-9ca3-2324278d0a0e,5,Great game to just clear your mind & some stress. I've been playing for 13 years. 😱🤣🤷‍♀️,Great game to just clear your mind some stress I ve been playing for 13 years ,great game clear mind stress play 13 year
864a073b-594a-4f59-8a98-1592f9f323e0,4,"really works your mind,fun, entertaining",really works your mind fun entertaining,realli work mind fun entertain
bed2bc39-1541-4e10-9299-012724632cc5,4,awsum game intrested n mind game,awsum game intrested n mind game,awsum game intrest n mind game
966b5048-1688-4f2e-aa94-2bb3b0717295,5,awesome game! I have a nack for winning lol!,awesome game I have a nack for winning lol,awesom game nack win lol
d0266d44-27e5-47bf-971e-53c25991cf7e,4,it's okay but I need more gold bars,it s okay but I need more gold bars,okay need gold bar
9ab05a45-44b9-4882-bbdc-57eae3c47dde,5,am really enjoying myself with this game. thank you so much,am really enjoying myself with this game thank you so much,realli enjoy game thank much
9a44f66e-713c-45c5-a822-4db7698ddd4c,5,this is the game ok,this is the game ok,game ok
dff88895-cf00-4c71-a02f-b892799c7b68,5,Different but love it so far.,Different but love it so far,differ love far
ad0e73fb-c54a-4d8d-ae84-ee6dfcc813c2,1,I can't find my progress that why I delete this app UpTo 3000 level I have done but I can't find it although the was link with my face book wrost AAP,I can t find my progress that why I delete this app UpTo 3000 level I have done but I can t find it although the was link with my face book wrost AAP,find progress delet app upto 3000 level done find although link face book wrost aap
5fe2aa6d-3795-4664-82f8-d38484925baa,5,played a while ago.....decided to play again. fun game.,played a while ago decided to play again fun game,play ago decid play fun game
ba668bdc-4f80-4647-8f58-ec35f15d92b7,1,trash. highly pay to win. higher level completely dependant on power ups,trash highly pay to win higher level completely dependant on power ups,trash highli pay win higher level complet depend power up
303aa136-434e-4d87-a7fb-6780c210b3fb,5,I love all the rewards on this game,I love all the rewards on this game,love reward game
5b73dd8c-c6df-49bf-a5d5-65a848360ed6,5,best game for offline gamers and time pass 👍👍👍👍,best game for offline gamers and time pass ,best game offlin gamer time pass
730706c0-710d-4c3e-bafa-db7440030ed9,5,super game hai like Bast,super game hai like Bast,super game hai like bast
5f851da1-5d70-4628-ba9d-7476e0754b27,5,fun and entertaining 😄 😀 😆,fun and entertaining   ,fun entertain
18cafb27-5aa2-482a-8f0a-200a18d1dde6,5,I'm glad you guys change the game much better,I m glad you guys change the game much better,glad guy chang game much better
e38c1485-a651-4289-9ced-77e3b7f6e2b9,5,the best match game by far.. can't get enough of it. . 😊,the best match game by far can t get enough of it ,best match game far get enough
7e529b93-8645-456b-b9be-7afff17196c7,5,Tough levels but there are no ads,Tough levels but there are no ads,tough level ad
bb31c463-511f-4457-8880-88406f53e83b,5,I can't stop playing. so much for.,I can t stop playing so much for,stop play much
8887f91e-b604-435d-be65-19da683a93a4,5,this game is so amazing and i love it,this game is so amazing and i love it,game amaz love
4b0eb72a-be79-4e97-b912-94dbdaecd887,4,so far lots of fun like getting extras,so far lots of fun like getting extras,far lot fun like get extra
b7db11dc-30eb-4fee-9e73-e245eb15dad1,4,the higher level you get the more it shorts you out of your boosters especially on the chocolate box doesn't give you your rewards or it will give one when you get 2 or 3 doesnt want to give you a cha,the higher level you get the more it shorts you out of your boosters especially on the chocolate box doesn t give you your rewards or it will give one when you get 2 or 3 doesnt want to give you a cha,higher level get short booster especi chocol box give reward give one get 2 3 doesnt want give cha
891d326f-519c-4f07-949d-907276b64c38,5,Awesome experience. But more updates. please,Awesome experience But more updates please,awesom experi updat pleas
e593115a-e762-4a7e-a899-919b34e2708b,5,it stops boredom and it's funny till it becomes hard 😂😂😂😂,it stops boredom and it s funny till it becomes hard ,stop boredom funni till becom hard
c01a401a-35c7-496c-a40c-a2b2fd13090e,5,Very good game it is very addictive so play this on your risk,Very good game it is very addictive so play this on your risk,good game addict play risk
ed870127-f72b-4596-a527-0df97c1e59ad,5,superb game nice time pass,superb game nice time pass,superb game nice time pass
6306ebf5-dedc-42f5-b4db-cb384c6b5e73,5,liking the new parts of the game,liking the new parts of the game,like new part game
7f8bbebc-b2c4-4c6e-9f45-b0e0cf44d490,1,"Not receiving rewards after watching adverts, you have the chance to watch three adverts but it only lets you watch one. Keep losing connection from your end as my connection is still working so not very impressed.",Not receiving rewards after watching adverts you have the chance to watch three adverts but it only lets you watch one Keep losing connection from your end as my connection is still working so not very impressed,receiv reward watch advert chanc watch three advert let watch one keep lose connect end connect still work impress
f13fb242-22f3-430d-80ec-c25af4d59e3b,5,this app is so crazy amazing so nice,this app is so crazy amazing so nice,app crazi amaz nice
d44b7383-a484-4b29-b978-353b1c56cb41,5,good game Mera level 7909,good game Mera level 7909,good game mera level 7909
9e0e8997-6afd-4151-b6f1-30443bb0c398,5,this app is so good,this app is so good,app good
fd9041e2-e452-4bd0-8c3d-125eae13df2f,5,Awesome better then it was keep it up,Awesome better then it was keep it up,awesom better keep
91eb827a-3584-464b-b898-e4462c5175e8,4,It's a nice game actually and a well going level but hard sometimes,It s a nice game actually and a well going level but hard sometimes,nice game actual well go level hard sometim
2c8d93b8-48e1-4b76-8576-d0ee443b667a,3,I like the game and it's surprisingly addicting at the start it's fun and entertaining but when I am progressing it's more getting pay to win,I like the game and it s surprisingly addicting at the start it s fun and entertaining but when I am progressing it s more getting pay to win,like game surprisingli addict start fun entertain progress get pay win
12922b26-884d-4625-ad21-b621faae95dc,5,"Its a good one to pass time if waiting for appointments, chilling at home ect. A little addictive lol",Its a good one to pass time if waiting for appointments chilling at home ect A little addictive lol,good one pass time wait appoint chill home ect littl addict lol
3d4b7148-95d0-458e-894b-e9cb8a89b65f,2,"I love playing this game. Unfortunately they've ruined it. They make the difficult levels impassable without purchasing boosters or gold. Then when you do, they're timed so you have to use them or loose them. WHAT A RIP OFF!!",I love playing this game Unfortunately they ve ruined it They make the difficult levels impassable without purchasing boosters or gold Then when you do they re timed so you have to use them or loose them WHAT A RIP OFF,love play game unfortun ruin make difficult level impass without purchas booster gold time use loos rip
9d40e029-b245-43bc-bad2-9335087a12c2,1,why was my account deleted? I've tried reaching your customer care in vain. I've played since 2016 and passed almost 6000 levels. please restore my account,why was my account deleted I ve tried reaching your customer care in vain I ve played since 2016 and passed almost 6000 levels please restore my account,account delet tri reach custom care vain play sinc 2016 pass almost 6000 level pleas restor account
e752394c-8516-43c7-afdf-6af6016b2ffa,5,it is so much fun,it is so much fun,much fun
37267bcf-ac36-4462-b464-9664e2604721,5,want peace download candy crush saga,want peace download candy crush saga,want peac download candi crush saga
6b1839cc-65f1-4702-90a1-afb2a522283b,5,Lovely game keep your mind busy if you and older person👌,Lovely game keep your mind busy if you and older person,love game keep mind busi older person
51cee728-1688-4928-9fb4-f13f4a0c889d,3,very engrossing and allot of fun solid 3 out of five,very engrossing and allot of fun solid 3 out of five,engross allot fun solid 3 five
6df5fe2c-a155-4afb-9960-a8c2457cc622,1,At a certain level. you can't progress without spending money,At a certain level you can t progress without spending money,certain level progress without spend money
75155189-49e8-4679-9730-c481bdef6bbb,5,There should be a way to share Gold to friend,There should be a way to share Gold to friend,way share gold friend
00e435a2-baa1-4ba5-bcdb-49aacb73ce04,5,this game is so sweet I really love this game please make more I just want more more more type of this games it's cute it's fine I mean third place when I'm bored I just go there when like I don't have any internet this is ex is so portable like any this is so portable that I can't even my team even know this is portable every time when I don't have internet I just play it everyday I just play I love camping play this right now!!!!!!!!!!!!!!!!!!!!!!!!!!!!!!!!!!!!!!!!!!!!!!!!!!!!!!!!!!!!!!!!!!!!!,this game is so sweet I really love this game please make more I just want more more more type of this games it s cute it s fine I mean third place when I m bored I just go there when like I don t have any internet this is ex is so portable like any this is so portable that I can t even my team even know this is portable every time when I don t have internet I just play it everyday I just play I love camping play this right now,game sweet realli love game pleas make want type game cute fine mean third place bore go like internet ex portabl like portabl even team even know portabl everi time internet play everyday play love camp play right
912f6dc2-c33e-47b4-ac5d-312a6feb8636,5,Awesome Application For Playing Candy Crush With Friends,Awesome Application For Playing Candy Crush With Friends,awesom applic play candi crush friend
b5d31d5c-7987-4aa0-a58c-9bf25ef7fd5d,5,nice time partner...... i love it,nice time partner i love it,nice time partner love
6e703da2-8546-498d-9c37-63d0a4855fa6,5,Nice and mind refreshing game.,Nice and mind refreshing game,nice mind refresh game
2adc964e-86bf-4d93-bf21-d0011516e501,4,"ꚍө бє ӊөҋєѕꚍ, Ї ꙇїҝє ѕөԁд ѵєяѕїөҋ бєꚍꚍєя бҵꚍ їꚍ'ѕ ҫөөꙇ дҋұѡдұ",ꚍө бє ӊөҋєѕꚍ Ї ꙇїҝє ѕөԁд ѵєяѕїөҋ бєꚍꚍєя бҵꚍ їꚍ ѕ ҫөөꙇ дҋұѡдұ,ꚍө бє ӊөҋєѕꚍ ї ꙇїҝє ѕөԁд ѵєяѕїөҋ бєꚍꚍєя бҵꚍ їꚍ ѕ ҫөөꙇ дҋұѡдұ
4b163b5b-3fb5-4228-a9c6-12be874f2a27,1,my booster wheel showing 3 weeks I reinstalled the game and loose all my boosters,my booster wheel showing 3 weeks I reinstalled the game and loose all my boosters,booster wheel show 3 week reinstal game loos booster
59be85f4-f607-43c4-8b57-3446c4b6e348,5,"candy crush is fun as always, vibrant cute and always has a variety of challenges in the levels. I love the little monsters and the little baby dragons and stuff that they have in certain levels. they certainly make it appealing visually.",candy crush is fun as always vibrant cute and always has a variety of challenges in the levels I love the little monsters and the little baby dragons and stuff that they have in certain levels they certainly make it appealing visually,candi crush fun alway vibrant cute alway varieti challeng level love littl monster littl babi dragon stuff certain level certainli make appeal visual
8d5b07a4-883d-46f7-90ab-83c497d9ac77,2,"This is not the game it used to be. I loved playing candy crush in the mid 2010s, it was an enjoyable time killer. Today, the game has a completely different look and feel and it's completely lost the charm it used to have. King really needs to release a ""candy crush classic"" game that provides the look and feel from the early days of the game.",This is not the game it used to be I loved playing candy crush in the mid 2010s it was an enjoyable time killer Today the game has a completely different look and feel and it s completely lost the charm it used to have King really needs to release a candy crush classic game that provides the look and feel from the early days of the game,game use love play candi crush mid 2010 enjoy time killer today game complet differ look feel complet lost charm use king realli need releas candi crush classic game provid look feel earli day game
b80e3b62-9e49-4af0-b6f3-6c88fd5a9413,5,best game 🎯 10000 level,best game  10000 level,best game 10000 level
d72891e7-5364-4741-9d4a-dbe69df1ca6c,5,"This is by far the best Candy game ever! I love this game, it's by far my most favorite of all time. If you ever wanted a game that everyone would love this is the one!",This is by far the best Candy game ever I love this game it s by far my most favorite of all time If you ever wanted a game that everyone would love this is the one,far best candi game ever love game far favorit time ever want game everyon would love one
50213542-9283-4986-b065-609cc94376a0,5,very good game for timepass,very good game for timepass,good game timepass
7e40d8db-edba-4283-baa7-9002664b4525,5,"idk man. but while i seem my mom playing this game, its make my day",idk man but while i seem my mom playing this game its make my day,idk man seem mom play game make day
9a4da0c2-2b6f-4c44-a5e8-d2d2032c8354,4,using booster in game is amazing,using booster in game is amazing,use booster game amaz
d0b4306e-44d3-4e78-a3bc-7b625669e7af,5,so best for time waste addictive,so best for time waste addictive,best time wast addict
368bac6f-b3f0-496b-89bf-91eaaa3fda89,5,it is a tension relief game,it is a tension relief game,tension relief game
642b7eec-ce3c-4664-b7ff-05446da8833b,1,Don't share my data or anything else of mine on here.Dang now I can't play the game. I already get so many phone calls it's ridiculous 🙄,Don t share my data or anything else of mine on here Dang now I can t play the game I already get so many phone calls it s ridiculous ,share data anyth els mine dang play game alreadi get mani phone call ridicul
3906e276-1d07-46f2-9f8f-8299fd140994,5,भाई साहब ये मस्त गेम है,भाई साहब ये मस्त गेम है,भाई साहब ये मस्त गेम है
f678d5d1-8809-4518-98f5-ddbada560ef5,4,it has so much fun and challenges I like it this is fantastic my father was also interested in this game it was just nice i love this challenges and all,it has so much fun and challenges I like it this is fantastic my father was also interested in this game it was just nice i love this challenges and all,much fun challeng like fantast father also interest game nice love challeng
ca77c867-ddcf-4ae3-a383-f5df1ae815ec,5,it is so good it is the best option to remove my boredom,it is so good it is the best option to remove my boredom,good best option remov boredom
003380ff-eb8b-4143-b9bf-09f79eedfcad,5,"Amazing Experience, play with Internet connection to experience the best game play.",Amazing Experience play with Internet connection to experience the best game play,amaz experi play internet connect experi best game play
23899236-210e-4d9a-a1e5-344f1e10cad1,5,মাঝে মাঝে খুব বিরক্ত লাগে যখন একটার জন্য লেবেল পার দিতে পারিনা👹🤣🫣🥴🇧🇩🇧🇩🇧🇩,মাঝে মাঝে খুব বিরক্ত লাগে যখন একটার জন্য লেবেল পার দিতে পারিনা,মাঝে মাঝে খুব বিরক্ত লাগে যখন একটার জন্য লেবেল পার দিতে পারিনা
4400ec07-3b73-4d7f-b9c7-402d62dd6067,4,"This game is a nostalgia for me.I played it in my childhood and now I'm playing it but still I have got those old vibes from this game.But recently in new levels that I have reached the gameplay is very fast,it feels like I'm playing it in 2X,it's lagging to but the fast speed of levels is just irritating😑....please fix this glitch😔",This game is a nostalgia for me I played it in my childhood and now I m playing it but still I have got those old vibes from this game But recently in new levels that I have reached the gameplay is very fast it feels like I m playing it in 2X it s lagging to but the fast speed of levels is just irritating please fix this glitch,game nostalgia play childhood play still got old vibe game recent new level reach gameplay fast feel like play 2x lag fast speed level irrit pleas fix glitch
cdb80550-42be-49b6-86b3-17cd916157cd,1,"My game is showing no Internet since the last update, what is going on?",My game is showing no Internet since the last update what is going on,game show internet sinc last updat go
67102384-8677-49fd-9c54-e42b9855a797,5,"best game for mind, i played Regular and daily clear 2 to 3 level and now my level is 485,good game",best game for mind i played Regular and daily clear 2 to 3 level and now my level is 485 good game,best game mind play regular daili clear 2 3 level level 485 good game
678beebd-217a-407d-baa4-8bbdc14f1cc5,5,because i like this game have more new things,because i like this game have more new things,like game new thing
64a6119a-d45a-48fe-917e-59f635c16976,1,The ads are not working for the boosters and extra money or moves. Resolve this issue or else I will delete this app.,The ads are not working for the boosters and extra money or moves Resolve this issue or else I will delete this app,ad work booster extra money move resolv issu els delet app
f5563fac-520a-409b-ac4e-62779629faad,5,hmmm am so excited about the game I love it but I thought they pay,hmmm am so excited about the game I love it but I thought they pay,hmmm excit game love thought pay
19f746a0-5ff6-4931-ad98-6c0633ab0172,5,It helps the brain so much and having a stressfree situation. So relaxing to play!,It helps the brain so much and having a stressfree situation So relaxing to play,help brain much stressfre situat relax play
afee8b66-e19c-49ea-94f5-5c60e3170641,5,very nice and stress relief,very nice and stress relief,nice stress relief
460a761e-6aa2-4196-9411-23232219aeb6,5,Great games awesome time love it greatness candy crush is the best i love candy crush forever candy crush best game ever made so much fun love this game candy crush forever omg my game 4rver my fav game always will be my number1 in my book it is so addicting awesome x8 just love this game. candy crush forever live love play family fun my kids love it too friends try it out you will love it too candy crush team candy crush love love candy crush team candy crush . crushing fun #1,Great games awesome time love it greatness candy crush is the best i love candy crush forever candy crush best game ever made so much fun love this game candy crush forever omg my game 4rver my fav game always will be my number1 in my book it is so addicting awesome x8 just love this game candy crush forever live love play family fun my kids love it too friends try it out you will love it too candy crush team candy crush love love candy crush team candy crush crushing fun,great game awesom time love great candi crush best love candi crush forev candi crush best game ever made much fun love game candi crush forev omg game 4rver fav game alway number1 book addict awesom x8 love game candi crush forev live love play famili fun kid love friend tri love candi crush team candi crush love love candi crush team candi crush crush fun
cde5d956-c3b9-4408-b1af-33d96758b0c1,5,I've tried to connect with other players so we can play together but it's not working,I ve tried to connect with other players so we can play together but it s not working,tri connect player play togeth work
e184695b-725b-4313-a169-c4c8a967b1be,5,this is my childhood game! 😌,this is my childhood game ,childhood game
1a49c718-d74a-440a-b922-9336160ed66f,5,well doesn't it have last level,well doesn t it have last level,well last level
fa97be3c-1c54-49c0-ad51-416aecdf3747,5,Very nice and fun game,Very nice and fun game,nice fun game
06f8c2b4-e218-4f73-b4c2-01cdaa5ad7e5,1,I'm about to delete this game. when you force 30+ second commercials that won't let me go back to the game is ridiculous!!!! STOP with the annoying manipulation!!!,I m about to delete this game when you force 30 second commercials that won t let me go back to the game is ridiculous STOP with the annoying manipulation,delet game forc 30 second commerci let go back game ridicul stop annoy manipul
aefb57b5-fcbc-442d-a888-d238c35503f2,4,this has been one of my best game just can't stop playing it,this has been one of my best game just can t stop playing it,one best game stop play
ad111a18-2959-455c-a479-31059b1da30f,5,I like the game because they have candy and I love candy 10/10,I like the game because they have candy and I love candy 10 10,like game candi love candi 10 10
ee6b949b-0136-4d0a-a1da-6f11061d2112,5,very good game i think,very good game i think,good game think
1d5a5567-7435-40c0-bbfc-f0b502cecdb1,5,I love this game is full of enjoy my in love with this game ❤️😍,I love this game is full of enjoy my in love with this game ,love game full enjoy love game
dc4acc1c-2016-4f02-928c-e10837d73ada,2,"previously the game was good, but this last update is pathetic",previously the game was good but this last update is pathetic,previous game good last updat pathet
56139aa9-d29c-4c0b-a794-aa1f349e7f8b,5,I have played this game for years on several tablets.,I have played this game for years on several tablets,play game year sever tablet
12677488-9463-4908-bb70-3600476e2727,1,plese king come to back old music l miss you old music,plese king come to back old music l miss you old music,plese king come back old music l miss old music
c5e3a5b2-430f-4945-beb0-b70fd2143e6a,1,how dair use ai on an ad you disgust me,how dair use ai on an ad you disgust me,dair use ai ad disgust
468861be-9243-41cc-9842-3e0bed3f381f,3,stop making it hard to progress to the next level. ⁹,stop making it hard to progress to the next level ⁹,stop make hard progress next level ⁹
c7fbc076-fd9a-4fb6-809d-9105be977f7c,4,it's actually fun! but addictive my phone is always on battery saver mode,it s actually fun but addictive my phone is always on battery saver mode,actual fun addict phone alway batteri saver mode
d82f8ef2-7f3a-4aab-bf66-763c93ec319d,5,fun game to play without wfi connections.,fun game to play without wfi connections,fun game play without wfi connect
7ad204d2-9921-4744-ad56-bda921bb5547,1,"While playing other (chosen) games, THIS APP CONTINUES TO BEHAVE AS IF I WANT TO DOWNLOAD IT AGAIN.... I DON'T, TRYING TO CLOSE IT!!!😡",While playing other chosen games THIS APP CONTINUES TO BEHAVE AS IF I WANT TO DOWNLOAD IT AGAIN I DON T TRYING TO CLOSE IT ,play chosen game app continu behav want download tri close
de039f27-bafe-4216-8cf7-771448020197,5,"Hello everyone! I hope you’re all doing well. I’m extremely excited to share that I have now crossed 7,000+ levels in Candy Crush, and my current winning streak has reached an incredible 301! This achievement means a lot to me, and I’m really proud of this milestone. I would like to kindly request the Candy Crush team to recognize this accomplishment and consider rewarding me for reaching such a remarkable 301 win streak. Thank you so much! #CandyCrushSaga",Hello everyone I hope you’re all doing well I’m extremely excited to share that I have now crossed 7 000 levels in Candy Crush and my current winning streak has reached an incredible 301 This achievement means a lot to me and I’m really proud of this milestone I would like to kindly request the Candy Crush team to recognize this accomplishment and consider rewarding me for reaching such a remarkable 301 win streak Thank you so much,hello everyon hope you’r well i’m extrem excit share cross 7 000 level candi crush current win streak reach incred 301 achiev mean lot i’m realli proud mileston would like kindli request candi crush team recogn accomplish consid reward reach remark 301 win streak thank much
f3bcc227-71f6-42c3-94fb-c2a184b2abb2,1,Candy crush is interest time paas. & mind refresher,Candy crush is interest time paas mind refresher,candi crush interest time paa mind refresh
60818f7f-c981-49b8-bd9b-069d8fb58733,5,memacu adrenaline Dan bikin senang,memacu adrenaline Dan bikin senang,memacu adrenalin dan bikin senang
3d2d6940-7a11-41bd-af58-7fd57f5e369d,1,Candy crush wants money for reach u next level Don't play this game,Candy crush wants money for reach u next level Don t play this game,candi crush want money reach u next level play game
97b44782-ad31-4d5a-b382-bfdf12a0950b,5,it is too good I m 16 but enjoying this !!!,it is too good I m 16 but enjoying this,good 16 enjoy
d1a3c120-0607-4876-bc22-d18cf26dc6c2,3,This game is amazing 👏 guys please try this game,This game is amazing  guys please try this game,game amaz guy pleas tri game
78da6c75-13ef-4c88-acb9-4f4ad6c4687f,5,the best offline game you could play,the best offline game you could play,best offlin game could play
43d92212-5612-4d6f-a2ec-627b1638ff4c,5,Good awards and badges. Infinite levels. Healing music. Good for killing time.,Good awards and badges Infinite levels Healing music Good for killing time,good award badg infinit level heal music good kill time
1b6fb3c4-1b0b-4562-b3ca-28436356a998,5,I have been playing this game for a few years now and have started over 3 times. it ok I like the game. I learned alot. wish I could give hints. 5 stars.,I have been playing this game for a few years now and have started over 3 times it ok I like the game I learned alot wish I could give hints 5 stars,play game year start 3 time ok like game learn alot wish could give hint 5 star
61d5c4d4-d185-4cfe-b28c-0c3c34c2b09f,5,I love this game it keeps you entertained and keeps your mind of stuff!! it's amazing 😍🤩,I love this game it keeps you entertained and keeps your mind of stuff it s amazing ,love game keep entertain keep mind stuff amaz
318dc420-4fbe-4da6-9d9e-211bc2ff83ae,5,this game helps reduce stress,this game helps reduce stress,game help reduc stress
4b5d1aa8-2095-44dc-abbd-d6f8b76b1aa3,1,Game play changes so making purchases is the only way to advance. I don't appreciate the scam.,Game play changes so making purchases is the only way to advance I don t appreciate the scam,game play chang make purchas way advanc appreci scam
3052bf15-7b66-4887-a8b5-e815aa5a3606,5,this game is a very fantastic game,this game is a very fantastic game,game fantast game
96400945-44c9-4fdb-abe2-953c3df9b735,5,very exciting game and best things we are learn,very exciting game and best things we are learn,excit game best thing learn
a845eb99-6159-48c4-a624-10f48f98cbf6,5,very good and mind freshing or mind blowing game,very good and mind freshing or mind blowing game,good mind fresh mind blow game
9e41c5cb-6cd8-42a6-9671-990b1eec8718,5,Better than royal match alot,Better than royal match alot,better royal match alot
85e995f2-f1e9-4bf3-a86d-f0614249c0e0,2,its good but for god sake is 5 lives enough? no. if it was 10 it would be okay but 5 ! you can't even play and each life takes 20min it's too much,its good but for god sake is 5 lives enough no if it was 10 it would be okay but 5 you can t even play and each life takes 20min it s too much,good god sake 5 live enough 10 would okay 5 even play life take 20min much
9eda6d60-d806-47b4-8b55-e2fce8e25c7f,1,the game gives you hints after half a second. its really annoying and ruins the game. I dont want glowing move this piece after half a second. maybe after 10 seconds give a hint but the way its set up is annoying. Uninstalled,the game gives you hints after half a second its really annoying and ruins the game I dont want glowing move this piece after half a second maybe after 10 seconds give a hint but the way its set up is annoying Uninstalled,game give hint half second realli annoy ruin game dont want glow move piec half second mayb 10 second give hint way set annoy uninstal
624106f2-499e-4d61-8107-e8496c0c51a4,5,super fun taste of all your sweet needs,super fun taste of all your sweet needs,super fun tast sweet need
ee0e7c63-3064-434f-8681-364ef87a6e7c,4,Best game to play some easy levels and hard levels,Best game to play some easy levels and hard levels,best game play easi level hard level
e3fae271-841a-4cda-80d8-9a0599a73c8d,5,very good game to time pass,very good game to time pass,good game time pass
30c53bdf-3bc4-4619-a99b-3db526330ebb,4,good game byy let's enjoy the game,good game byy let s enjoy the game,good game byy let enjoy game
9e04bc7c-54b4-4f8b-b374-3c56a4f8fb1f,1,Can't someone atleast win real money with candy crush🤷,Can t someone atleast win real money with candy crush,someon atleast win real money candi crush
285f974a-c6b6-4189-855c-6d530ccd0901,5,I love playing Candy crush it's a mind-blowing game I love you you have to think,I love playing Candy crush it s a mind blowing game I love you you have to think,love play candi crush mind blow game love think
e4d9c217-bd0d-4a04-9dbd-84ddc3cb835e,5,very nice it can take the stress away,very nice it can take the stress away,nice take stress away
c3906aec-569b-4942-a69e-ba9e382a84bd,5,Lots of fun when you're bored.,Lots of fun when you re bored,lot fun bore
93981849-db43-4c4c-97f2-86d858d7efd7,1,used AI in ads. instant delete.,used AI in ads instant delete,use ai ad instant delet
dbe6f390-966e-4482-b1b6-a62bcc4c41bd,4,really good game it makes ms calm down,really good game it makes ms calm down,realli good game make ms calm
456b8cdd-5088-4f66-973c-9bc90eb30cff,5,game keeps freezing. Last one took my money for gold bars I purchased. Had yo cut and come back on to game with no trace of my purchase,game keeps freezing Last one took my money for gold bars I purchased Had yo cut and come back on to game with no trace of my purchase,game keep freez last one took money gold bar purchas yo cut come back game trace purchas
a0fa45f0-a510-4137-b188-dd1eac0b0fdd,1,used to really enjoy this game but levels get impossible to pass without paying makes me feel guilty for carrying on !!,used to really enjoy this game but levels get impossible to pass without paying makes me feel guilty for carrying on,use realli enjoy game level get imposs pass without pay make feel guilti carri
c0b94c13-223f-401e-a7c6-f395124a1f67,5,Nice game candy crush saga it's is very deluclt dame its only use professional use this is very easy game installing application and take the funny and experience I have 3 years experience,Nice game candy crush saga it s is very deluclt dame its only use professional use this is very easy game installing application and take the funny and experience I have 3 years experience,nice game candi crush saga deluclt dame use profession use easi game instal applic take funni experi 3 year experi
0f23cd0f-bafe-45bc-8bf6-fcd288693e94,5,mind blowing best time pass game i really loved it...,mind blowing best time pass game i really loved it,mind blow best time pass game realli love
21b34c5a-9312-4200-99ec-6971d45f4fbc,1,you people have it set up,you people have it set up,peopl set
46727ffa-34a1-44be-b675-37e6a3f67623,4,it has more ad during game,it has more ad during game,ad game
096971b6-9e06-4c30-a063-9a20f1cdb527,5,I LIKE THIS GAME VERY MUCH 🎉🎉🎉,I LIKE THIS GAME VERY MUCH ,like game much
86cbf6e2-00a0-49ed-a8d5-c17983331d31,5,can't stop playing this game 🎯,can t stop playing this game ,stop play game
44218d7e-2594-4b1d-aff9-33a2b4334c6c,5,Always the best game. New updates are bringing best levels. Interesting rewards after completing levels. Loved it.,Always the best game New updates are bringing best levels Interesting rewards after completing levels Loved it,alway best game new updat bring best level interest reward complet level love
360b3590-bc27-4de0-9ee3-034f1e581087,5,the best game I ever had in my life,the best game I ever had in my life,best game ever life
e235ba1b-4ac1-4b58-ba31-b0272ecdabb1,5,23March2026......19250Level .candy crush saga..In 9month 7000level pass,23March2026 19250Level candy crush saga In 9month 7000level pass,23march2026 19250level candi crush saga 9month 7000level pass
7a214f45-e12b-4176-809f-ccf6915f0706,5,it's vary fun I like it,it s vary fun I like it,vari fun like
5e079719-d297-4c3a-83d4-1c2ffb526bb7,5,good game for time pas,good game for time pas,good game time pa
4dc96e33-b976-4daf-8281-5eb8a0189b7f,5,its very relaxing cant stop playing !!!,its very relaxing cant stop playing,relax cant stop play
900ea1b7-1b43-4f0f-8cfe-c28a52cff678,4,This is So amazing game I love this from childhood,This is So amazing game I love this from childhood,amaz game love childhood
cedc423f-6a16-4e29-b355-320080aa5b13,5,fun to play don't have to wear glasses,fun to play don t have to wear glasses,fun play wear glass
43bdafd6-a349-453f-9587-af47530385a7,5,nice game for free time,nice game for free time,nice game free time
34d0a668-1853-4ce7-a3e1-c9e0d08c206d,4,good game but can't recover my old account,good game but can t recover my old account,good game recov old account
3f5ecbef-c8e6-4e0c-8d02-b5a04490576f,4,it's simple and enjoyable 😄 no ads just simple and easy,it s simple and enjoyable  no ads just simple and easy,simpl enjoy ad simpl easi
89b79fc1-7e2a-469b-ac02-204710e2acc1,5,Love this game! Could literally play this for hours...,Love this game Could literally play this for hours,love game could liter play hour
126f7c39-4390-4ac7-b16b-f3ca1ed8ca14,5,it's really good app for fun and time pass I really like it Thanks,it s really good app for fun and time pass I really like it Thanks,realli good app fun time pass realli like thank
05744279-d88d-403e-b8da-06fd56fcb288,5,exelent game iam like the altime,exelent game iam like the altime,exel game iam like altim
6e382f35-c5c9-49c6-bb37-4c5a7657c927,5,"it's a fast paced game, and I enjoy playing it.",it s a fast paced game and I enjoy playing it,fast pace game enjoy play
3c611c3a-0d52-4750-bd21-50f85f674ccf,5,nice game fully time pass,nice game fully time pass,nice game fulli time pass
fac6022f-eb83-4959-9fe9-32018a99de92,2,🤩🤩🤩English the game wow Bangla এই গেম টা মজার 🤩🤩🤩🤩🤩🤩🤩🤩😍😍😍😍,English the game wow Bangla এই গেম টা মজার ,english game wow bangla এই গেম টা মজার
3a365407-cf4b-416c-bf1a-4eff9b2dc79c,5,it is a fun game to play,it is a fun game to play,fun game play
670194cf-f6ae-449a-9821-120bdccd6efd,5,this game is best depression to jaise. gayab sa ho gaya,this game is best depression to jaise gayab sa ho gaya,game best depress jais gayab sa ho gaya
1aa7dbaf-002b-484e-be32-34c4093f9c6d,3,can't get my reword even after watch full ad.,can t get my reword even after watch full ad,get reword even watch full ad
f10e295a-fb5a-4e07-ba50-922de7bcbe3e,5,Great Game smooth and clean to play,Great Game smooth and clean to play,great game smooth clean play
a92f7cc6-fc2e-4ca5-9661-7907b662954e,5,"best game I got addicted ,😅",best game I got addicted ,best game got addict
9094c915-5712-4ae8-8880-845f7e637c8f,5,"very nice, stress buster game",very nice stress buster game,nice stress buster game
860ebf95-38ba-4dfb-a3a7-387f40be313a,5,Swiping my stress away. Lovely game. I love it so much. Catching cruise. I love the game so passionately. Having much fun.,Swiping my stress away Lovely game I love it so much Catching cruise I love the game so passionately Having much fun,swipe stress away love game love much catch cruis love game passion much fun
64038ee4-5a93-4175-90e7-24be0c9045b8,5,"I really love this game, this my comfort game so far, after a play zombie catheters I will her but if I'am out of life I go find other game but, the sad part is I'm unstalling this cuz of some problem but some day I will install this again by for now BTW I'am at level 143 already not much but I work hard to reach it.",I really love this game this my comfort game so far after a play zombie catheters I will her but if I am out of life I go find other game but the sad part is I m unstalling this cuz of some problem but some day I will install this again by for now BTW I am at level 143 already not much but I work hard to reach it,realli love game comfort game far play zombi cathet life go find game sad part unstal cuz problem day instal btw level 143 alreadi much work hard reach
2a4208d4-d7c9-40ca-9526-482ff1778d80,5,it is soooo much fuuun,it is soooo much fuuun,soooo much fuuun
781fb300-1ffc-491a-b6f5-53b1b1c907ad,5,Get the key to be come a champion.,Get the key to be come a champion,get key come champion
a3c6adc2-1429-4f36-9b7f-32ce02518020,5,super 👌 👍 😍 🥰 😍 ❤ 💕 💖,super        ,super
7c9171b5-b620-4669-af58-67ea6e048d43,1,"Some levels are quiet challenging, but it's really a game that's very entertaining",Some levels are quiet challenging but it s really a game that s very entertaining,level quiet challeng realli game entertain
55bc4955-8d14-43f3-a11c-5fa115a3edb5,5,full fun and easy enjoying game,full fun and easy enjoying game,full fun easi enjoy game
d53ddf43-72a9-45c4-8100-013eb68cafc3,5,This game is tooo goood in my life,This game is tooo goood in my life,game tooo goood life
2b078d7e-75a6-4799-8277-55ebf17e09ea,5,Love the game still having fun,Love the game still having fun,love game still fun
ef7a24dd-282f-4348-abec-6200dbe68d55,5,best game i play i enjoy them alot,best game i play i enjoy them alot,best game play enjoy alot
cc782d4d-ecae-4928-b871-08d6c10e7b58,5,Nice game. Good exercise for the mind. Love it.,Nice game Good exercise for the mind Love it,nice game good exercis mind love
7468ebda-5b0c-46fe-8d08-86ed0f777b58,4,in earlier we gain extra moves help of advertisement for win the game but now this is not happened. why ?,in earlier we gain extra moves help of advertisement for win the game but now this is not happened why,earlier gain extra move help advertis win game happen
f2c08be1-feff-4c38-a500-7b0ae848e932,4,this game now turn to devil's house too much pressure n hard level bro it's just a game so be it,this game now turn to devil s house too much pressure n hard level bro it s just a game so be it,game turn devil hous much pressur n hard level bro game
494105a6-0c62-47c5-a5b5-f4c37e6e756e,5,very good but can this game pay after playing,very good but can this game pay after playing,good game pay play
5c0b123e-3d31-4262-a32f-2912a4ead745,5,fantastic helps with stress so relaxing,fantastic helps with stress so relaxing,fantast help stress relax
130b9ac7-3f79-4f06-8f64-8093eb9c4bc0,5,My all time favorite game.,My all time favorite game,time favorit game
bf07a21d-8bdf-43b9-aa21-9de08cf75bd1,5,"hello candy crush, why's my game acting up? I won a game but the menu page refused to load which prompt me to reload the game and all my active booster + other's one will disappear, please ratify this issue",hello candy crush why s my game acting up I won a game but the menu page refused to load which prompt me to reload the game and all my active booster other s one will disappear please ratify this issue,hello candi crush game act game menu page refus load prompt reload game activ booster one disappear pleas ratifi issu
53795736-763a-46ab-823f-b7877de8ed9c,5,it is super game when I'm play this game I'm feeling release so pls download this game so I want still more levels I have completed the levels,it is super game when I m play this game I m feeling release so pls download this game so I want still more levels I have completed the levels,super game play game feel releas pl download game want still level complet level
adc10f5f-4d77-48f2-9b80-8cde186d16a3,4,"fun to play, but recently the app continuously loses Internet connect off and on during play which is making it extremely frustrating to play",fun to play but recently the app continuously loses Internet connect off and on during play which is making it extremely frustrating to play,fun play recent app continu lose internet connect play make extrem frustrat play
3d29a2f5-b5f4-46e5-ae8e-2b6b334a3983,5,I love it so much!!!!,I love it so much,love much
4f09687f-80e9-4fc5-9ff6-d2b250d1e05f,5,please bring back old music in game it was perfect. I first starting playing in 2016. Now recently downloaded it after years but the music is ruining it,please bring back old music in game it was perfect I first starting playing in 2016 Now recently downloaded it after years but the music is ruining it,pleas bring back old music game perfect first start play 2016 recent download year music ruin
f5a9c78c-b08e-4f01-8921-eb2730cf80fc,5,it's fantastic game I enjoying playing it and very relaxing.,it s fantastic game I enjoying playing it and very relaxing,fantast game enjoy play relax
c4b5450f-a9dc-4659-964d-551d00ceafa2,5,Great Game way to go with all the updates...Thanks for the fine game play.,Great Game way to go with all the updates Thanks for the fine game play,great game way go updat thank fine game play
9241aedf-d838-4aa2-8e20-5d67ba3ac0db,5,love my game except the Booster wheel is showing 102 days before next spin. please help,love my game except the Booster wheel is showing 102 days before next spin please help,love game except booster wheel show 102 day next spin pleas help
03bca34b-0ce0-4dca-8af5-b2d68bc31884,1,"I used to love this game, played it for years. But now is clearly cheating players in order to make them buy boosters, color bombs and wrapped candles getting activated with posible match just to mess up your play to win. also had to uninstall the app because eating my phone battery even I was not playing.",I used to love this game played it for years But now is clearly cheating players in order to make them buy boosters color bombs and wrapped candles getting activated with posible match just to mess up your play to win also had to uninstall the app because eating my phone battery even I was not playing,use love game play year clearli cheat player order make buy booster color bomb wrap candl get activ posibl match mess play win also uninstal app eat phone batteri even play
0eb53631-d0dc-45b2-b06a-67f5512ffdeb,5,I like it so much no ads just a good game . a good game makes u focus well,I like it so much no ads just a good game a good game makes u focus well,like much ad good game good game make u focu well
86602337-4016-4b15-8aa8-9aa70490b45a,5,one of the best game ever,one of the best game ever,one best game ever
2ff80435-8056-47ca-bb0e-742a419a3858,5,Like playing it. it passes the time,Like playing it it passes the time,like play pass time
17a96efb-8e64-49ba-9c1d-f8f0354f6031,5,"Alsome game love it A1 all day evwryday love the diffrent levels can't stop playing thank you just keep getting better and better then this fame!!! Best game ever, just the bes!!! Can't put it away keep making more levels just keep getting better the perfect game just keep getting better and betterlove the games. I can't believe that it's addicted to my soul! Please add more level I will never stop playing just don't get any better thank you! Perfect for me just the best the best!! bring joy.",Alsome game love it A1 all day evwryday love the diffrent levels can t stop playing thank you just keep getting better and better then this fame Best game ever just the bes Can t put it away keep making more levels just keep getting better the perfect game just keep getting better and betterlove the games I can t believe that it s addicted to my soul Please add more level I will never stop playing just don t get any better thank you Perfect for me just the best the best bring joy,alsom game love a1 day evwryday love diffrent level stop play thank keep get better better fame best game ever be put away keep make level keep get better perfect game keep get better betterlov game believ addict soul pleas add level never stop play get better thank perfect best best bring joy
ed9fd088-ee11-4e19-99a1-40670fc28bd1,5,candy is no good any more it keeps stopping every time i lost lives and no compasation,candy is no good any more it keeps stopping every time i lost lives and no compasation,candi good keep stop everi time lost live compas
d3b2ef5c-4d72-4a83-8ad2-bb7799471991,5,"All Stars tournament is on right now, a good excuse to be on your phone all day!",All Stars tournament is on right now a good excuse to be on your phone all day,star tournament right good excus phone day
5dd62386-a5e7-4c5c-9625-f7dedef57c79,3,"Please sort out the adverts. They finish and say oops, I don't get any reward but I didn't exit the advert. But of course you still make money",Please sort out the adverts They finish and say oops I don t get any reward but I didn t exit the advert But of course you still make money,pleas sort advert finish say oop get reward exit advert cours still make money
991a08f4-a375-48e8-b646-36e938fea7c9,5,candy Crush should be monetized,candy Crush should be monetized,candi crush monet
c2f92459-ec0b-48ef-a69d-b2a4f6b9628e,5,I am enjoying playing this game,I am enjoying playing this game,enjoy play game
7177c02f-5ef0-436c-b029-ba44b5feac38,5,It's very interesting and challenging and a very good means of passing time. 2026 now and its still my all time fav,It s very interesting and challenging and a very good means of passing time 2026 now and its still my all time fav,interest challeng good mean pass time 2026 still time fav
f546c60b-1bce-4e0b-9336-eece0cc3354e,5,it's more relaxing and intertain,it s more relaxing and intertain,relax intertain
d0bce282-1fed-4acd-a525-a4e73d99cca1,4,best For spend Free time and best entertainment,best For spend Free time and best entertainment,best spend free time best entertain
e20775c8-9289-4ebc-97ca-218c492f2eb1,5,very entertaining and crazy good still playing,very entertaining and crazy good still playing,entertain crazi good still play
1e30a618-e78e-4a32-9f90-2a26276fcd07,5,it pulls me in to wanting more excitement i lovebit,it pulls me in to wanting more excitement i lovebit,pull want excit lovebit
4cce1308-f87b-4596-88e1-bdd9f0d50e6c,5,"i do like the game but sometimes I can't make it. it's too good and I love the game a lot, I still can't play it",i do like the game but sometimes I can t make it it s too good and I love the game a lot I still can t play it,like game sometim make good love game lot still play
50c4d9ff-c45e-47d8-9164-7f452778925c,5,very good i like it,very good i like it,good like
0e5b6400-2904-4cc2-93ef-210f5a8ce61c,5,so good we when to use our brian,so good we when to use our brian,good use brian
a6e9d0ea-1aee-41a6-b997-c24642d25d2e,5,best game for fun and time pass very very bestand beautiful candies❤️,best game for fun and time pass very very bestand beautiful candies,best game fun time pass bestand beauti candi
ecc589b3-e30d-4de3-9c08-fafcd0fea23a,5,this is a very wonderful game 🎮,this is a very wonderful game ,wonder game
caa01ac3-68d1-4f45-9e35-2bc9776d9f77,5,good best way for time pass play this game and enjoy your free time and life release your tension,good best way for time pass play this game and enjoy your free time and life release your tension,good best way time pass play game enjoy free time life releas tension
b7efc31c-b4a9-49ba-97e8-1a070427ef6e,5,I love play candy crush saga,I love play candy crush saga,love play candi crush saga
854036c9-80f3-4c66-8304-cee68fcca469,5,I love it the game 🎮 💖,I love it the game  ,love game
e2cda856-033a-4d1d-b375-f9572f9fef34,1,"I have been playing Candy Crush Saga since the beginning. I have enjoyed it and have played mostly every day. Recently there are several things that are going to make me stop playing it for good. So many times in the last few months glitches happen which have caused me to lose a game which I could have won, ended a game abruptly which caused a loss, and also the ads are now so much longer. Therefore I would not recommend this game in its current state.",I have been playing Candy Crush Saga since the beginning I have enjoyed it and have played mostly every day Recently there are several things that are going to make me stop playing it for good So many times in the last few months glitches happen which have caused me to lose a game which I could have won ended a game abruptly which caused a loss and also the ads are now so much longer Therefore I would not recommend this game in its current state,play candi crush saga sinc begin enjoy play mostli everi day recent sever thing go make stop play good mani time last month glitch happen caus lose game could end game abruptli caus loss also ad much longer therefor would recommend game current state
c523752a-bddb-4d69-bb12-97c93957c596,5,"fun---- except I forget my password. resulting in starting over. lost 12,000 points, then lost 6 ,000 points. but I love the game.",fun except I forget my password resulting in starting over lost 12 000 points then lost 6 000 points but I love the game,fun except forget password result start lost 12 000 point lost 6 000 point love game
30b938f3-e9bf-4ab3-9421-2523184ae47c,5,great for waiting for appointments,great for waiting for appointments,great wait appoint
e84fede0-2e3c-49b6-8e8c-8c7017a9a4e5,1,I don't like to see this again.,I don t like to see this again,like see
a2108df2-40a1-432d-abf1-e9a6cb275e88,5,THIS GAME IS VERY SIMPLE AND EASY TO PLAY.HOW DO I REFILL LIVES IN CANDY CRUSH SAGA?THERE ARE UNLIMITED NUMBER OF LEVELS IN CANDY CRUSH SAGA.WHAT SHOULD I DO TO GET MORE NUMBER OF FRIENDS IN CANDY CRUSH SAGA?,THIS GAME IS VERY SIMPLE AND EASY TO PLAY HOW DO I REFILL LIVES IN CANDY CRUSH SAGA THERE ARE UNLIMITED NUMBER OF LEVELS IN CANDY CRUSH SAGA WHAT SHOULD I DO TO GET MORE NUMBER OF FRIENDS IN CANDY CRUSH SAGA,game simpl easi play refil live candi crush saga unlimit number level candi crush saga get number friend candi crush saga
ed14e5c7-1c58-4514-bbd1-6834f49b8072,1,Im nearly at level 19000 and the the games I play to win me gold bars and free boosters dont come into my account after I win first place!! Its freaking RIGGED!!!! Once I reach level 20 thousand IM DELETING THIS CON GAME!,Im nearly at level 19000 and the the games I play to win me gold bars and free boosters dont come into my account after I win first place Its freaking RIGGED Once I reach level 20 thousand IM DELETING THIS CON GAME,im nearli level 19000 game play win gold bar free booster dont come account win first place freak rig reach level 20 thousand im delet con game
63bd7c82-5853-444e-b999-ac3e45bfd43f,3,It would be better if the hints could be turned off.,It would be better if the hints could be turned off,would better hint could turn
0bb47a61-9477-4da0-a1d5-2d5693561426,5,This is my best game so far 2026,This is my best game so far 2026,best game far 2026
c85e132f-9e6f-480a-afba-e908e7352de1,4,its interesting not boring absolutely the best 👌,its interesting not boring absolutely the best ,interest bore absolut best
b4813bcd-b3b4-488d-8861-73942467bbb9,5,I love this game and all the characters,I love this game and all the characters,love game charact
d25f9cdf-b0f1-475f-be68-6cd52d99d8a3,5,I started this game 4days ago I'm already on level 150 level passed and I'm on a roll I got unlimited life for a while two days and 2 hours of unlimited play but I'm getting paid with game by downloading it through cash giraffe ever min I'm on the app it pays me 577 gem I can cash it out for real PayPal money 💰 🤑 💸 so I enjoy this game a lot but the end of this my goal is to reach level 200,I started this game 4days ago I m already on level 150 level passed and I m on a roll I got unlimited life for a while two days and 2 hours of unlimited play but I m getting paid with game by downloading it through cash giraffe ever min I m on the app it pays me 577 gem I can cash it out for real PayPal money    so I enjoy this game a lot but the end of this my goal is to reach level 200,start game 4day ago alreadi level 150 level pass roll got unlimit life two day 2 hour unlimit play get paid game download cash giraff ever min app pay 577 gem cash real paypal money enjoy game lot end goal reach level 200
edadd78b-cced-45f4-928b-fcde105bfa7e,5,"I love Candy Crush I've been playing since 2013. I was so happy when they elimated the space men. Just loving all of the new options. I'm a fan you go Candy Crush 😍.I left for awhile,now I'm back and as it says sit back and relax, well now I do just that 💕. love the new challenges and the mysteries ahead. I still chill and play Candy Crush and relax. I'm a senior now and can still hang with C.C. it's sooo fun. Thank you.It would be nice to see the board before you make a purchase to go ahead.",I love Candy Crush I ve been playing since 2013 I was so happy when they elimated the space men Just loving all of the new options I m a fan you go Candy Crush  I left for awhile now I m back and as it says sit back and relax well now I do just that  love the new challenges and the mysteries ahead I still chill and play Candy Crush and relax I m a senior now and can still hang with C C it s sooo fun Thank you It would be nice to see the board before you make a purchase to go ahead,love candi crush play sinc 2013 happi elim space men love new option fan go candi crush left awhil back say sit back relax well love new challeng mysteri ahead still chill play candi crush relax senior still hang c c sooo fun thank would nice see board make purchas go ahead
